Datum;Uhrzeit;Bezeichnung;Intervall;V51Z;V51B;V111Z;V111B;V351Z;V351B;TF35Z;TF35B;TF35aZ;TF35aB;TBS35Z;TBS35B;TBS35aZ;TBS35aB;V1_IOZ;V1_IOB;V2_IOZ;V2_IOB;V3_IOZ;V3_IOB;MP_A81_MP3Z;MP_A81_MP3B;MP_A77_MP1Z;MP_A77_MP1B;MP_A51_MP4Z;MP_A51_MP4B;MP_A77_MP2Z;MP_A77_MP2B
02.07.2024;02:00;A 77;1;1;5;1;6;0;0;0;0;0;0;0;0;0;0;;;;;;;;;;;;;;
02.07.2024;01:59;A 77;1;0;0;0;0;0;0;0;0;0;0;0;0;0;0;;;;;;;;;;;;;;
02.07.2024;01:58;A 77;1;0;0;0;2;0;0;0;0;0;0;0;0;0;0;;;;;;;;;;;;;;
02.07.2024;01:57;A 77;1;2;11;1;4;0;0;0;0;0;0;0;0;0;0;;;;;;;;;;;;;;
02.07.2024;01:56;A 77;1;0;0;0;0;0;0;0;0;0;0;0;0;0;0;;;;;;;;;;;;;;
02.07.2024;01:55;A 77;1;0;0;1;7;0;0;0;0;0;0;0;0;0;0;;;;;;;;;;;;;;
02.07.2024;01:54;A 77;1;0;0;1;10;0;0;0;0;0;0;0;0;0;0;;;;;;;;;;;;;;
02.07.2024;01:53;A 77;1;1;7;0;0;0;0;0;0;0;0;0;0;0;0;;;;;;;;;;;;;;
02.07.2024;01:52;A 77;1;1;4;0;0;0;0;0;0;0;0;0;0;0;0;;;;;;;;;;;;;;
02.07.2024;01:51;A 77;1;0;0;0;0;0;0;0;0;0;0;0;0;0;0;;;;;;;;;;;;;;
02.07.2024;01:50;A 77;1;0;0;0;0;0;0;0;0;0;0;0;0;0;0;;;;;;;;;;;;;;
02.07.2024;01:49;A 77;1;1;8;1;5;0;0;0;0;0;0;0;0;0;0;;;;;;;;;;;;;;
02.07.2024;01:48;A 77;1;0;0;0;0;0;0;0;0;0;0;0;0;0;0;;;;;;;;;;;;;;
02.07.2024;01:47;A 77;1;0;0;1;5;0;0;0;0;0;0;0;0;0;0;;;;;;;;;;;;;;
02.07.2024;01:46;A 77;1;1;8;0;0;0;0;0;0;0;0;0;0;0;0;;;;;;;;;;;;;;
02.07.2024;01:45;A 77;1;0;0;0;0;0;0;0;0;0;0;0;0;0;0;;;;;;;;;;;;;;
02.07.2024;01:44;A 77;1;0;0;0;0;0;0;0;0;0;0;0;0;0;0;;;;;;;;;;;;;;
02.07.2024;01:43;A 77;1;0;0;0;7;0;0;0;0;0;0;0;0;0;0;;;;;;;;;;;;;;
02.07.2024;01:42;A 77;1;0;0;1;11;0;0;0;0;0;0;0;0;0;0;;;;;;;;;;;;;;
02.07.2024;01:41;A 77;1;0;0;0;0;0;0;0;0;0;0;0;0;0;0;;;;;;;;;;;;;;
02.07.2024;01:40;A 77;1;0;0;0;0;0;0;0;0;0;0;0;0;0;0;;;;;;;;;;;;;;
02.07.2024;01:39;A 77;1;0;0;0;0;0;0;0;0;0;0;0;0;0;0;;;;;;;;;;;;;;
02.07.2024;01:38;A 77;1;0;0;0;0;0;0;0;0;0;0;0;0;0;0;;;;;;;;;;;;;;
02.07.2024;01:37;A 77;1;1;5;3;17;0;0;0;0;0;0;0;0;0;0;;;;;;;;;;;;;;
02.07.2024;01:36;A 77;1;1;8;1;5;0;0;0;0;0;0;0;0;0;0;;;;;;;;;;;;;;
02.07.2024;01:35;A 77;1;0;0;0;0;0;0;0;0;0;0;0;0;0;0;;;;;;;;;;;;;;
02.07.2024;01:34;A 77;1;0;0;0;0;0;0;0;0;0;0;0;0;0;0;;;;;;;;;;;;;;
02.07.2024;01:33;A 77;1;0;0;0;0;0;0;0;0;0;0;0;0;0;0;;;;;;;;;;;;;;
02.07.2024;01:32;A 77;1;0;0;1;5;0;0;0;0;0;0;0;0;0;0;;;;;;;;;;;;;;
02.07.2024;01:31;A 77;1;0;0;0;0;0;0;0;0;0;0;0;0;0;0;;;;;;;;;;;;;;
02.07.2024;01:30;A 77;1;1;7;1;6;0;0;0;0;0;0;0;0;0;0;;;;;;;;;;;;;;
02.07.2024;01:29;A 77;1;0;0;0;0;0;0;0;0;0;0;0;0;0;0;;;;;;;;;;;;;;
02.07.2024;01:28;A 77;1;0;0;0;0;0;0;0;0;0;0;0;0;0;0;;;;;;;;;;;;;;
02.07.2024;01:27;A 77;1;0;0;0;0;0;0;0;0;0;0;0;0;0;0;;;;;;;;;;;;;;
02.07.2024;01:26;A 77;1;0;0;0;0;0;0;0;0;0;0;0;0;0;0;;;;;;;;;;;;;;
02.07.2024;01:25;A 77;1;0;0;1;4;0;0;0;0;0;0;0;0;0;0;;;;;;;;;;;;;;
02.07.2024;01:24;A 77;1;0;0;1;8;0;0;0;0;0;0;0;0;0;0;;;;;;;;;;;;;;
02.07.2024;01:23;A 77;1;0;0;0;0;0;0;0;0;0;0;0;0;0;0;;;;;;;;;;;;;;
02.07.2024;01:22;A 77;1;1;9;0;0;0;0;0;0;0;0;0;0;0;0;;;;;;;;;;;;;;
02.07.2024;01:21;A 77;1;0;0;0;0;0;0;0;0;0;0;0;0;0;0;;;;;;;;;;;;;;
02.07.2024;01:20;A 77;1;0;0;0;0;2;9;0;0;0;0;2;3;0;0;;;;;;;;;;;;;;
02.07.2024;01:19;A 77;1;0;0;0;0;0;0;0;0;0;0;0;0;0;0;;;;;;;;;;;;;;
02.07.2024;01:18;A 77;1;0;0;2;11;0;0;0;0;0;0;2;3;2;3;;;;;;;;;;;;;;
02.07.2024;01:17;A 77;1;0;0;0;0;0;0;0;0;0;0;0;0;0;0;;;;;;;;;;;;;;
02.07.2024;01:16;A 77;1;0;0;0;0;0;0;0;0;0;0;0;0;0;0;;;;;;;;;;;;;;
02.07.2024;01:15;A 77;1;0;0;1;9;0;0;0;0;0;0;0;0;0;0;;;;;;;;;;;;;;
02.07.2024;01:14;A 77;1;0;0;0;0;0;0;0;0;0;0;0;0;0;0;;;;;;;;;;;;;;
02.07.2024;01:13;A 77;1;0;0;0;0;0;0;0;0;0;0;0;0;0;0;;;;;;;;;;;;;;
02.07.2024;01:12;A 77;1;1;7;0;0;0;0;0;0;0;0;0;0;0;0;;;;;;;;;;;;;;
02.07.2024;01:11;A 77;1;0;0;1;4;1;3;0;0;0;0;0;0;0;0;;;;;;;;;;;;;;
02.07.2024;01:10;A 77;1;0;0;1;12;0;0;0;0;0;0;0;0;0;0;;;;;;;;;;;;;;
02.07.2024;01:09;A 77;1;0;0;0;0;0;0;0;0;0;0;0;0;0;0;;;;;;;;;;;;;;
02.07.2024;01:08;A 77;1;0;0;1;5;0;0;0;0;0;0;0;0;0;0;;;;;;;;;;;;;;
02.07.2024;01:07;A 77;1;0;0;0;0;0;0;0;0;0;0;0;0;0;0;;;;;;;;;;;;;;
02.07.2024;01:06;A 77;1;1;5;1;8;0;0;0;0;0;0;0;0;0;0;;;;;;;;;;;;;;
02.07.2024;01:05;A 77;1;0;0;0;0;0;0;0;0;0;0;0;0;0;0;;;;;;;;;;;;;;
02.07.2024;01:04;A 77;1;0;0;1;6;0;0;0;0;0;0;0;0;0;0;;;;;;;;;;;;;;
02.07.2024;01:03;A 77;1;0;0;0;0;0;0;0;0;0;0;0;0;0;0;;;;;;;;;;;;;;
02.07.2024;01:02;A 77;1;0;0;0;0;0;0;0;0;0;0;0;0;0;0;;;;;;;;;;;;;;
02.07.2024;01:01;A 77;1;0;0;0;0;0;0;0;0;0;0;0;0;0;0;;;;;;;;;;;;;;
02.07.2024;01:00;A 77;1;0;0;1;9;0;0;0;0;0;0;0;0;0;0;;;;;;;;;;;;;;
02.07.2024;00:59;A 77;1;0;0;0;5;0;0;0;0;0;0;0;0;0;0;;;;;;;;;;;;;;
02.07.2024;00:58;A 77;1;0;0;1;5;2;8;0;0;0;0;0;0;0;0;;;;;;;;;;;;;;
02.07.2024;00:57;A 77;1;0;0;2;14;0;0;0;0;0;0;0;0;0;0;;;;;;;;;;;;;;
02.07.2024;00:56;A 77;1;0;0;0;0;0;0;0;0;0;0;0;0;0;0;;;;;;;;;;;;;;
02.07.2024;00:55;A 77;1;1;7;0;0;0;0;0;0;0;0;0;0;0;0;;;;;;;;;;;;;;
02.07.2024;00:54;A 77;1;0;0;0;0;0;0;0;0;0;0;0;0;0;0;;;;;;;;;;;;;;
02.07.2024;00:53;A 77;1;0;0;1;5;0;0;0;0;0;0;0;0;0;0;;;;;;;;;;;;;;
02.07.2024;00:52;A 77;1;0;0;0;0;0;0;0;0;0;0;0;0;0;0;;;;;;;;;;;;;;
02.07.2024;00:51;A 77;1;0;0;0;0;0;0;0;0;0;0;0;0;0;0;;;;;;;;;;;;;;
02.07.2024;00:50;A 77;1;2;17;0;0;0;0;0;0;0;0;0;0;0;0;;;;;;;;;;;;;;
02.07.2024;00:49;A 77;1;0;0;0;0;0;0;0;0;0;0;0;0;0;0;;;;;;;;;;;;;;
02.07.2024;00:48;A 77;1;1;5;0;0;0;0;0;0;0;0;0;0;0;0;;;;;;;;;;;;;;
02.07.2024;00:47;A 77;1;0;0;2;11;0;0;0;0;0;0;0;0;0;0;;;;;;;;;;;;;;
02.07.2024;00:46;A 77;1;1;7;1;12;0;0;0;0;0;0;0;0;0;0;;;;;;;;;;;;;;
02.07.2024;00:45;A 77;1;0;0;1;3;0;0;0;0;0;0;0;0;0;0;;;;;;;;;;;;;;
02.07.2024;00:44;A 77;1;0;0;0;0;0;0;0;0;0;0;0;0;0;0;;;;;;;;;;;;;;
02.07.2024;00:43;A 77;1;1;10;0;0;0;0;0;0;0;0;0;0;0;0;;;;;;;;;;;;;;
02.07.2024;00:42;A 77;1;0;0;0;0;0;0;0;0;0;0;0;0;0;0;;;;;;;;;;;;;;
02.07.2024;00:41;A 77;1;0;0;1;8;0;0;0;0;0;0;0;0;0;0;;;;;;;;;;;;;;
02.07.2024;00:40;A 77;1;0;0;1;4;0;0;0;0;0;0;0;0;0;0;;;;;;;;;;;;;;
02.07.2024;00:39;A 77;1;0;0;0;0;0;0;0;0;0;0;0;0;0;0;;;;;;;;;;;;;;
02.07.2024;00:38;A 77;1;0;0;0;0;0;0;0;0;0;0;0;0;0;0;;;;;;;;;;;;;;
02.07.2024;00:37;A 77;1;0;0;0;0;0;0;0;0;0;0;0;0;0;0;;;;;;;;;;;;;;
02.07.2024;00:36;A 77;1;0;0;0;0;0;0;0;0;0;0;0;0;0;0;;;;;;;;;;;;;;
02.07.2024;00:35;A 77;1;0;0;0;0;1;17;0;0;0;0;0;0;0;0;;;;;;;;;;;;;;
02.07.2024;00:34;A 77;1;0;0;0;0;0;0;0;0;0;0;0;0;0;0;;;;;;;;;;;;;;
02.07.2024;00:33;A 77;1;0;0;0;0;0;0;0;0;0;0;0;0;0;0;;;;;;;;;;;;;;
02.07.2024;00:32;A 77;1;0;0;0;0;0;0;0;0;0;0;0;0;0;0;;;;;;;;;;;;;;
02.07.2024;00:31;A 77;1;0;0;1;19;0;0;0;0;0;0;0;0;0;0;;;;;;;;;;;;;;
02.07.2024;00:30;A 77;1;0;0;0;0;0;0;0;0;0;0;0;0;0;0;;;;;;;;;;;;;;
02.07.2024;00:29;A 77;1;1;10;0;0;0;0;0;0;0;0;0;0;0;0;;;;;;;;;;;;;;
02.07.2024;00:28;A 77;1;0;0;1;7;0;0;0;0;0;0;0;0;0;0;;;;;;;;;;;;;;
02.07.2024;00:27;A 77;1;1;9;0;0;0;0;0;0;0;0;0;0;0;0;;;;;;;;;;;;;;
02.07.2024;00:26;A 77;1;0;0;1;7;0;0;0;0;0;0;0;0;0;0;;;;;;;;;;;;;;
02.07.2024;00:25;A 77;1;0;0;1;10;0;0;0;0;0;0;0;0;0;0;;;;;;;;;;;;;;
02.07.2024;00:24;A 77;1;0;0;0;0;0;0;0;0;0;0;0;0;0;0;;;;;;;;;;;;;;
02.07.2024;00:23;A 77;1;1;12;0;0;0;0;0;0;0;0;0;0;0;0;;;;;;;;;;;;;;
02.07.2024;00:22;A 77;1;0;0;0;0;0;0;0;0;0;0;0;0;0;0;;;;;;;;;;;;;;
02.07.2024;00:21;A 77;1;1;6;1;8;0;0;0;0;0;0;0;0;0;0;;;;;;;;;;;;;;
02.07.2024;00:20;A 77;1;0;0;1;4;0;0;0;0;0;0;0;0;0;0;;;;;;;;;;;;;;
02.07.2024;00:19;A 77;1;0;0;1;6;0;0;0;0;0;0;0;0;0;0;;;;;;;;;;;;;;
02.07.2024;00:18;A 77;1;1;6;0;0;0;0;0;0;0;0;0;0;0;0;;;;;;;;;;;;;;
02.07.2024;00:17;A 77;1;0;0;1;8;0;0;0;0;0;0;0;0;0;0;;;;;;;;;;;;;;
02.07.2024;00:16;A 77;1;0;0;0;0;0;0;0;0;0;0;0;0;0;0;;;;;;;;;;;;;;
02.07.2024;00:15;A 77;1;0;0;1;9;0;0;0;0;0;0;0;0;0;0;;;;;;;;;;;;;;
02.07.2024;00:14;A 77;1;0;0;0;0;0;0;0;0;0;0;0;0;0;0;;;;;;;;;;;;;;
02.07.2024;00:13;A 77;1;0;0;0;0;0;0;0;0;0;0;0;0;0;0;;;;;;;;;;;;;;
02.07.2024;00:12;A 77;1;0;0;0;0;0;0;0;0;0;0;0;0;0;0;;;;;;;;;;;;;;
02.07.2024;00:11;A 77;1;1;9;2;10;0;0;0;0;0;0;0;0;0;0;;;;;;;;;;;;;;
02.07.2024;00:10;A 77;1;1;7;1;6;0;0;0;0;0;0;0;0;0;0;;;;;;;;;;;;;;
02.07.2024;00:09;A 77;1;1;9;0;0;0;0;0;0;0;0;0;0;0;0;;;;;;;;;;;;;;
02.07.2024;00:08;A 77;1;0;0;0;0;0;0;0;0;0;0;0;0;0;0;;;;;;;;;;;;;;
02.07.2024;00:07;A 77;1;0;0;1;6;0;0;0;0;0;0;0;0;0;0;;;;;;;;;;;;;;
02.07.2024;00:06;A 77;1;0;0;3;13;0;0;0;0;0;0;0;0;0;0;;;;;;;;;;;;;;
02.07.2024;00:05;A 77;1;0;0;1;7;0;0;0;0;0;0;0;0;0;0;;;;;;;;;;;;;;
02.07.2024;00:04;A 77;1;0;0;1;6;0;0;0;0;0;0;0;0;0;0;;;;;;;;;;;;;;
02.07.2024;00:03;A 77;1;0;0;0;0;0;0;0;0;0;0;0;0;0;0;;;;;;;;;;;;;;
02.07.2024;00:02;A 77;1;0;0;0;0;0;0;0;0;0;0;0;0;0;0;;;;;;;;;;;;;;
02.07.2024;00:01;A 77;1;0;0;1;8;0;0;0;0;0;0;0;0;0;0;;;;;;;;;;;;;;
02.07.2024;00:00;A 77;1;0;0;0;0;0;0;0;0;0;0;0;0;0;0;;;;;;;;;;;;;;
01.07.2024;23:59;A 77;1;0;0;1;5;0;0;0;0;0;0;0;0;0;0;;;;;;;;;;;;;;
01.07.2024;23:58;A 77;1;0;0;0;0;0;0;0;0;0;0;0;0;0;0;;;;;;;;;;;;;;
01.07.2024;23:57;A 77;1;0;0;1;11;0;0;0;0;0;0;0;0;0;0;;;;;;;;;;;;;;
01.07.2024;23:56;A 77;1;0;0;1;7;1;9;0;0;0;0;0;0;0;0;;;;;;;;;;;;;;
01.07.2024;23:55;A 77;1;0;0;1;7;0;0;0;0;0;0;0;0;0;0;;;;;;;;;;;;;;
01.07.2024;23:54;A 77;1;0;0;1;15;0;0;0;0;0;0;0;0;0;0;;;;;;;;;;;;;;
01.07.2024;23:53;A 77;1;0;0;2;3;0;0;0;0;0;0;0;0;0;0;;;;;;;;;;;;;;
01.07.2024;23:52;A 77;1;0;0;1;17;0;0;0;0;0;0;0;0;0;0;;;;;;;;;;;;;;
01.07.2024;23:51;A 77;1;0;0;2;14;0;0;0;0;0;0;0;0;0;0;;;;;;;;;;;;;;
01.07.2024;23:50;A 77;1;0;7;2;13;0;0;0;0;0;0;0;0;0;0;;;;;;;;;;;;;;
01.07.2024;23:49;A 77;1;1;8;1;11;0;0;0;0;0;0;0;0;0;0;;;;;;;;;;;;;;
01.07.2024;23:48;A 77;1;1;1;0;0;0;0;0;0;0;0;0;0;0;0;;;;;;;;;;;;;;
01.07.2024;23:47;A 77;1;0;0;1;6;0;0;0;0;0;0;0;0;0;0;;;;;;;;;;;;;;
01.07.2024;23:46;A 77;1;1;7;2;14;0;0;0;0;0;0;0;0;0;0;;;;;;;;;;;;;;
01.07.2024;23:45;A 77;1;0;0;2;9;0;0;0;0;0;0;0;0;0;0;;;;;;;;;;;;;;
01.07.2024;23:44;A 77;1;0;0;1;6;0;0;0;0;0;0;0;0;0;0;;;;;;;;;;;;;;
01.07.2024;23:43;A 77;1;0;0;1;5;0;0;0;0;0;0;0;0;0;0;;;;;;;;;;;;;;
01.07.2024;23:42;A 77;1;0;0;1;5;0;0;0;0;0;0;0;0;0;0;;;;;;;;;;;;;;
01.07.2024;23:41;A 77;1;0;0;0;0;0;0;0;0;0;0;0;0;0;0;;;;;;;;;;;;;;
01.07.2024;23:40;A 77;1;2;18;1;7;0;0;0;0;0;0;0;0;0;0;;;;;;;;;;;;;;
01.07.2024;23:39;A 77;1;0;0;1;9;0;0;0;0;0;0;0;0;0;0;;;;;;;;;;;;;;
01.07.2024;23:38;A 77;1;0;0;0;0;0;0;0;0;0;0;0;0;0;0;;;;;;;;;;;;;;
01.07.2024;23:37;A 77;1;0;0;1;0;0;0;0;0;0;0;0;0;0;0;;;;;;;;;;;;;;
01.07.2024;23:36;A 77;1;0;0;2;15;0;0;0;0;0;0;0;0;0;0;;;;;;;;;;;;;;
01.07.2024;23:35;A 77;1;0;0;1;6;0;0;0;0;0;0;0;0;0;0;;;;;;;;;;;;;;
01.07.2024;23:34;A 77;1;1;12;1;4;0;0;0;0;0;0;0;0;0;0;;;;;;;;;;;;;;
01.07.2024;23:33;A 77;1;0;0;1;8;0;0;0;0;0;0;0;0;0;0;;;;;;;;;;;;;;
01.07.2024;23:32;A 77;1;1;6;1;7;0;0;0;0;0;0;0;0;0;0;;;;;;;;;;;;;;
01.07.2024;23:31;A 77;1;0;0;0;0;0;0;0;0;0;0;0;0;0;0;;;;;;;;;;;;;;
01.07.2024;23:30;A 77;1;0;0;1;4;0;0;0;0;0;0;0;0;0;0;;;;;;;;;;;;;;
01.07.2024;23:29;A 77;1;0;0;1;14;0;0;0;0;0;0;0;0;0;0;;;;;;;;;;;;;;
01.07.2024;23:28;A 77;1;0;0;3;19;0;0;0;0;0;0;0;0;0;0;;;;;;;;;;;;;;
01.07.2024;23:27;A 77;1;0;0;2;13;0;0;0;0;0;0;0;0;0;0;;;;;;;;;;;;;;
01.07.2024;23:26;A 77;1;0;0;0;0;0;0;0;0;0;0;0;0;0;0;;;;;;;;;;;;;;
01.07.2024;23:25;A 77;1;1;8;1;6;0;0;0;0;0;0;0;0;0;0;;;;;;;;;;;;;;
01.07.2024;23:24;A 77;1;0;0;3;16;0;0;0;0;0;0;0;0;0;0;;;;;;;;;;;;;;
01.07.2024;23:23;A 77;1;0;0;0;0;0;0;0;0;0;0;0;0;0;0;;;;;;;;;;;;;;
01.07.2024;23:22;A 77;1;1;1;0;0;0;0;0;0;0;0;0;0;0;0;;;;;;;;;;;;;;
01.07.2024;23:21;A 77;1;2;12;0;0;0;0;0;0;0;0;0;0;0;0;;;;;;;;;;;;;;
01.07.2024;23:20;A 77;1;1;10;0;0;0;0;0;0;0;0;0;0;0;0;;;;;;;;;;;;;;
01.07.2024;23:19;A 77;1;0;0;1;5;0;0;0;0;0;0;0;0;0;0;;;;;;;;;;;;;;
01.07.2024;23:18;A 77;1;0;0;0;0;0;0;0;0;0;0;0;0;0;0;;;;;;;;;;;;;;
01.07.2024;23:17;A 77;1;0;0;0;0;0;0;0;0;0;0;0;0;0;0;;;;;;;;;;;;;;
01.07.2024;23:16;A 77;1;0;0;0;0;0;0;0;0;0;0;0;0;0;0;;;;;;;;;;;;;;
01.07.2024;23:15;A 77;1;0;0;2;13;0;0;0;0;0;0;0;0;0;0;;;;;;;;;;;;;;
01.07.2024;23:14;A 77;1;0;0;0;0;0;0;0;0;0;0;0;0;0;0;;;;;;;;;;;;;;
01.07.2024;23:13;A 77;1;0;0;1;6;0;0;0;0;0;0;0;0;0;0;;;;;;;;;;;;;;
01.07.2024;23:12;A 77;1;1;9;1;8;0;0;0;0;0;0;0;0;0;0;;;;;;;;;;;;;;
01.07.2024;23:11;A 77;1;0;0;1;10;0;0;0;0;0;0;0;0;0;0;;;;;;;;;;;;;;
01.07.2024;23:10;A 77;1;2;12;0;0;1;8;0;0;0;0;1;1;0;0;;;;;;;;;;;;;;
01.07.2024;23:09;A 77;1;2;10;0;0;0;0;0;0;0;0;0;0;0;0;;;;;;;;;;;;;;
01.07.2024;23:08;A 77;1;0;0;2;3;0;0;0;0;0;0;0;0;0;0;;;;;;;;;;;;;;
01.07.2024;23:07;A 77;1;0;0;1;4;0;0;0;0;0;0;0;0;0;0;;;;;;;;;;;;;;
01.07.2024;23:06;A 77;1;0;0;0;6;0;0;0;0;0;0;0;0;0;0;;;;;;;;;;;;;;
01.07.2024;23:05;A 77;1;0;0;1;0;0;0;0;0;0;0;0;0;0;0;;;;;;;;;;;;;;
01.07.2024;23:04;A 77;1;3;5;1;9;0;0;0;0;0;0;0;0;0;0;;;;;;;;;;;;;;
01.07.2024;23:03;A 77;1;0;0;1;3;0;0;0;0;0;0;0;0;0;0;;;;;;;;;;;;;;
01.07.2024;23:02;A 77;1;0;5;0;0;0;0;0;0;0;0;0;0;0;0;;;;;;;;;;;;;;
01.07.2024;23:01;A 77;1;1;1;0;0;0;0;0;0;0;0;0;0;0;0;;;;;;;;;;;;;;
01.07.2024;23:00;A 77;1;0;0;2;15;0;0;0;0;0;0;0;0;0;0;;;;;;;;;;;;;;
01.07.2024;22:59;A 77;1;0;0;1;6;0;0;0;0;0;0;0;0;0;0;;;;;;;;;;;;;;
01.07.2024;22:58;A 77;1;0;0;1;5;0;0;0;0;0;0;0;0;0;0;;;;;;;;;;;;;;
01.07.2024;22:57;A 77;1;3;24;3;13;0;0;0;0;0;0;0;0;0;0;;;;;;;;;;;;;;
01.07.2024;22:56;A 77;1;1;9;0;0;0;0;0;0;0;0;0;0;0;0;;;;;;;;;;;;;;
01.07.2024;22:55;A 77;1;0;0;3;15;0;0;0;0;0;0;0;0;0;0;;;;;;;;;;;;;;
01.07.2024;22:54;A 77;1;0;0;0;0;0;0;0;0;0;0;0;0;0;0;;;;;;;;;;;;;;
01.07.2024;22:53;A 77;1;3;17;1;14;0;0;0;0;0;0;0;0;0;0;;;;;;;;;;;;;;
01.07.2024;22:52;A 77;1;1;4;1;7;0;0;0;0;0;0;0;0;0;0;;;;;;;;;;;;;;
01.07.2024;22:51;A 77;1;2;8;0;0;1;5;0;0;0;0;0;0;0;0;;;;;;;;;;;;;;
01.07.2024;22:50;A 77;1;0;0;1;8;1;16;0;0;0;0;0;0;1;1;;;;;;;;;;;;;;
01.07.2024;22:49;A 77;1;1;7;0;0;1;7;0;0;0;0;0;0;0;0;;;;;;;;;;;;;;
01.07.2024;22:48;A 77;1;0;0;1;6;0;0;0;0;0;0;0;0;0;0;;;;;;;;;;;;;;
01.07.2024;22:47;A 77;1;1;11;1;10;0;0;0;0;0;0;0;0;0;0;;;;;;;;;;;;;;
01.07.2024;22:46;A 77;1;1;8;6;19;0;5;0;0;0;0;0;0;0;0;;;;;;;;;;;;;;
01.07.2024;22:45;A 77;1;1;6;1;0;1;3;1;1;0;0;0;0;0;0;;;;;;;;;;;;;;
01.07.2024;22:44;A 77;1;0;0;1;4;0;0;0;0;0;0;0;0;0;0;;;;;;;;;;;;;;
01.07.2024;22:43;A 77;1;0;0;1;14;0;0;0;0;0;0;0;0;0;0;;;;;;;;;;;;;;
01.07.2024;22:42;A 77;1;0;0;2;13;0;0;0;0;0;0;0;0;0;0;;;;;;;;;;;;;;
01.07.2024;22:41;A 77;1;0;1;1;4;0;0;0;0;0;0;0;0;0;0;;;;;;;;;;;;;;
01.07.2024;22:40;A 77;1;1;6;0;0;0;0;0;0;0;0;0;0;0;0;;;;;;;;;;;;;;
01.07.2024;22:39;A 77;1;0;0;1;11;0;0;0;0;0;0;0;0;0;0;;;;;;;;;;;;;;
01.07.2024;22:38;A 77;1;2;17;2;22;0;0;0;0;0;0;0;0;0;0;;;;;;;;;;;;;;
01.07.2024;22:37;A 77;1;0;0;2;14;0;0;0;0;0;0;0;0;0;0;;;;;;;;;;;;;;
01.07.2024;22:36;A 77;1;0;0;1;3;0;0;0;0;0;0;0;0;0;0;;;;;;;;;;;;;;
01.07.2024;22:35;A 77;1;0;0;3;29;0;0;0;0;0;0;0;0;0;0;;;;;;;;;;;;;;
01.07.2024;22:34;A 77;1;0;0;2;7;0;0;0;0;0;0;0;0;0;0;;;;;;;;;;;;;;
01.07.2024;22:33;A 77;1;1;1;2;22;1;11;0;0;1;3;0;0;0;0;;;;;;;;;;;;;;
01.07.2024;22:32;A 77;1;0;0;1;6;0;0;1;1;1;0;0;0;0;0;;;;;;;;;;;;;;
01.07.2024;22:31;A 77;1;1;7;0;0;0;0;0;0;0;0;0;0;0;0;;;;;;;;;;;;;;
01.07.2024;22:30;A 77;1;0;0;1;38;2;14;0;0;0;0;1;1;0;0;;;;;;;;;;;;;;
01.07.2024;22:29;A 77;1;0;0;3;44;1;10;0;0;1;1;0;0;0;0;;;;;;;;;;;;;;
01.07.2024;22:28;A 77;1;1;9;0;3;0;0;0;0;0;0;0;0;0;0;;;;;;;;;;;;;;
01.07.2024;22:27;A 77;1;1;6;3;12;0;0;0;0;0;0;0;0;0;0;;;;;;;;;;;;;;
01.07.2024;22:26;A 77;1;1;9;1;30;1;8;0;0;0;0;0;0;0;0;;;;;;;;;;;;;;
01.07.2024;22:25;A 77;1;1;12;0;0;0;0;0;0;0;0;0;0;0;0;;;;;;;;;;;;;;
01.07.2024;22:24;A 77;1;1;11;0;0;0;0;0;0;0;0;0;0;0;0;;;;;;;;;;;;;;
01.07.2024;22:23;A 77;1;0;0;0;6;1;2;0;0;0;0;0;0;0;0;;;;;;;;;;;;;;
01.07.2024;22:22;A 77;1;1;4;2;11;1;3;0;0;1;1;0;0;0;0;;;;;;;;;;;;;;
01.07.2024;22:21;A 77;1;1;9;1;12;0;0;0;0;0;0;0;0;0;0;;;;;;;;;;;;;;
01.07.2024;22:20;A 77;1;0;0;0;0;0;0;0;0;0;0;0;0;0;0;;;;;;;;;;;;;;
01.07.2024;22:19;A 77;1;1;8;1;7;1;11;0;0;1;1;0;0;0;0;;;;;;;;;;;;;;
01.07.2024;22:18;A 77;1;3;16;1;6;0;0;0;0;0;0;0;0;0;0;;;;;;;;;;;;;;
01.07.2024;22:17;A 77;1;2;15;1;7;0;0;0;0;0;0;0;0;0;0;;;;;;;;;;;;;;
01.07.2024;22:16;A 77;1;0;0;2;13;0;0;0;0;0;0;0;0;0;0;;;;;;;;;;;;;;
01.07.2024;22:15;A 77;1;0;0;1;23;0;0;0;0;0;0;0;0;0;0;;;;;;;;;;;;;;
01.07.2024;22:14;A 77;1;2;14;2;18;1;9;0;0;0;0;0;0;0;0;;;;;;;;;;;;;;
01.07.2024;22:13;A 77;1;1;2;1;7;0;0;0;0;0;0;0;0;0;0;;;;;;;;;;;;;;
01.07.2024;22:12;A 77;1;0;0;2;18;0;0;0;0;0;0;0;0;0;0;;;;;;;;;;;;;;
01.07.2024;22:11;A 77;1;2;14;1;6;0;0;0;0;0;0;0;0;0;0;;;;;;;;;;;;;;
01.07.2024;22:10;A 77;1;1;11;4;21;0;0;0;0;0;0;0;0;0;0;;;;;;;;;;;;;;
01.07.2024;22:09;A 77;1;3;7;1;6;0;0;0;0;0;0;0;0;0;0;;;;;;;;;;;;;;
01.07.2024;22:08;A 77;1;1;5;1;9;0;0;0;0;0;0;0;0;0;0;;;;;;;;;;;;;;
01.07.2024;22:07;A 77;1;0;0;3;41;0;0;0;0;0;0;0;0;0;0;;;;;;;;;;;;;;
01.07.2024;22:06;A 77;1;0;0;0;0;0;0;0;0;0;0;0;0;0;0;;;;;;;;;;;;;;
01.07.2024;22:05;A 77;1;1;11;1;6;0;0;0;0;0;0;0;0;0;0;;;;;;;;;;;;;;
01.07.2024;22:04;A 77;1;2;13;2;32;0;0;0;0;0;0;0;0;0;0;;;;;;;;;;;;;;
01.07.2024;22:03;A 77;1;0;0;0;0;0;0;0;0;0;0;0;0;0;0;;;;;;;;;;;;;;
01.07.2024;22:02;A 77;1;1;7;2;20;0;0;0;0;0;0;0;0;0;0;;;;;;;;;;;;;;
01.07.2024;22:01;A 77;1;0;0;3;23;0;0;0;0;0;0;0;0;0;0;;;;;;;;;;;;;;
01.07.2024;22:00;A 77;1;0;0;1;7;1;16;0;0;0;0;0;0;0;0;;;;;;;;;;;;;;
01.07.2024;21:59;A 77;1;0;0;1;6;0;0;0;0;0;0;0;0;0;0;;;;;;;;;;;;;;
01.07.2024;21:58;A 77;1;0;0;1;7;0;0;0;0;0;0;0;0;0;0;;;;;;;;;;;;;;
01.07.2024;21:57;A 77;1;1;8;2;12;0;0;0;0;0;0;0;0;0;0;;;;;;;;;;;;;;
01.07.2024;21:56;A 77;1;4;14;0;0;1;14;0;0;0;0;0;0;0;0;;;;;;;;;;;;;;
01.07.2024;21:55;A 77;1;1;20;0;6;0;0;0;0;0;0;1;1;0;0;;;;;;;;;;;;;;
01.07.2024;21:54;A 77;1;1;8;2;21;0;0;0;0;0;0;0;0;0;0;;;;;;;;;;;;;;
01.07.2024;21:53;A 77;1;0;0;3;22;0;0;0;0;0;0;0;0;0;0;;;;;;;;;;;;;;
01.07.2024;21:52;A 77;1;3;18;3;14;0;0;0;0;0;0;0;0;0;0;;;;;;;;;;;;;;
01.07.2024;21:51;A 77;1;2;9;2;10;0;0;0;0;0;0;0;0;0;0;;;;;;;;;;;;;;
01.07.2024;21:50;A 77;1;1;14;0;0;0;0;0;0;0;0;0;0;0;0;;;;;;;;;;;;;;
01.07.2024;21:49;A 77;1;0;0;1;16;0;0;0;0;0;0;0;0;0;0;;;;;;;;;;;;;;
01.07.2024;21:48;A 77;1;0;0;1;8;0;0;0;0;0;0;0;0;0;0;;;;;;;;;;;;;;
01.07.2024;21:47;A 77;1;1;13;3;20;0;0;0;0;0;0;0;0;0;0;;;;;;;;;;;;;;
01.07.2024;21:46;A 77;1;0;0;0;0;0;0;0;0;0;0;0;0;0;0;;;;;;;;;;;;;;
01.07.2024;21:45;A 77;1;0;0;1;24;0;0;0;0;0;0;0;0;0;0;;;;;;;;;;;;;;
01.07.2024;21:44;A 77;1;0;0;1;9;0;0;0;0;0;0;0;0;0;0;;;;;;;;;;;;;;
01.07.2024;21:43;A 77;1;0;0;4;38;0;0;0;0;0;0;0;0;0;0;;;;;;;;;;;;;;
01.07.2024;21:42;A 77;1;1;1;0;10;0;0;0;0;0;0;0;0;0;0;;;;;;;;;;;;;;
01.07.2024;21:41;A 77;1;1;2;2;11;0;0;0;0;0;0;0;0;0;0;;;;;;;;;;;;;;
01.07.2024;21:40;A 77;1;1;11;2;13;0;0;0;0;0;0;0;0;0;0;;;;;;;;;;;;;;
01.07.2024;21:39;A 77;1;1;12;1;12;1;13;0;0;0;0;0;0;0;0;;;;;;;;;;;;;;
01.07.2024;21:38;A 77;1;0;0;2;21;0;0;0;0;0;0;1;1;1;1;;;;;;;;;;;;;;
01.07.2024;21:37;A 77;1;0;0;1;4;0;0;0;0;0;0;0;0;0;0;;;;;;;;;;;;;;
01.07.2024;21:36;A 77;1;1;5;0;0;1;13;0;0;0;0;0;0;0;0;;;;;;;;;;;;;;
01.07.2024;21:35;A 77;1;1;6;1;19;1;11;1;1;1;1;0;0;0;0;;;;;;;;;;;;;;
01.07.2024;21:34;A 77;1;1;6;0;0;2;12;1;1;1;1;0;0;1;1;;;;;;;;;;;;;;
01.07.2024;21:33;A 77;1;1;7;1;6;0;0;0;0;0;0;0;0;0;0;;;;;;;;;;;;;;
01.07.2024;21:32;A 77;1;0;0;1;17;0;0;0;0;0;0;0;0;0;0;;;;;;;;;;;;;;
01.07.2024;21:31;A 77;1;1;6;1;37;1;7;1;1;0;0;0;0;0;0;;;;;;;;;;;;;;
01.07.2024;21:30;A 77;1;0;0;0;0;0;0;0;0;0;0;0;0;0;0;;;;;;;;;;;;;;
01.07.2024;21:29;A 77;1;1;9;1;7;0;0;0;0;0;0;0;0;0;0;;;;;;;;;;;;;;
01.07.2024;21:28;A 77;1;0;0;3;17;0;0;0;0;0;0;0;0;0;0;;;;;;;;;;;;;;
01.07.2024;21:27;A 77;1;0;0;1;27;0;0;0;0;0;0;0;0;0;0;;;;;;;;;;;;;;
01.07.2024;21:26;A 77;1;1;2;1;5;1;4;0;0;0;0;0;0;0;0;;;;;;;;;;;;;;
01.07.2024;21:25;A 77;1;1;7;1;6;0;0;0;0;0;0;0;0;0;0;;;;;;;;;;;;;;
01.07.2024;21:24;A 77;1;1;4;1;7;0;0;0;0;0;0;0;0;0;0;;;;;;;;;;;;;;
01.07.2024;21:23;A 77;1;0;0;2;14;0;0;0;0;0;0;0;0;0;0;;;;;;;;;;;;;;
01.07.2024;21:22;A 77;1;3;22;1;6;0;0;0;0;0;0;0;0;0;0;;;;;;;;;;;;;;
01.07.2024;21:21;A 77;1;0;0;2;13;0;0;0;0;0;0;0;0;0;0;;;;;;;;;;;;;;
01.07.2024;21:20;A 77;1;3;19;1;8;0;0;0;0;0;0;0;0;0;0;;;;;;;;;;;;;;
01.07.2024;21:19;A 77;1;0;0;1;4;0;0;0;0;0;0;0;0;0;0;;;;;;;;;;;;;;
01.07.2024;21:18;A 77;1;0;0;4;17;0;0;0;0;0;0;0;0;0;0;;;;;;;;;;;;;;
01.07.2024;21:17;A 77;1;1;4;1;8;0;0;0;0;0;0;0;0;0;0;;;;;;;;;;;;;;
01.07.2024;21:16;A 77;1;0;0;1;68;1;23;1;1;1;1;0;0;0;0;;;;;;;;;;;;;;
01.07.2024;21:15;A 77;1;2;11;2;16;1;10;0;0;0;0;0;0;0;0;;;;;;;;;;;;;;
01.07.2024;21:14;A 77;1;0;0;0;0;0;0;0;0;0;0;0;0;0;0;;;;;;;;;;;;;;
01.07.2024;21:13;A 77;1;2;9;2;7;0;0;0;0;0;0;0;0;0;0;;;;;;;;;;;;;;
01.07.2024;21:12;A 77;1;0;0;4;27;0;0;0;0;0;0;0;0;0;0;;;;;;;;;;;;;;
01.07.2024;21:11;A 77;1;0;0;3;6;1;12;0;0;1;1;0;0;0;0;;;;;;;;;;;;;;
01.07.2024;21:10;A 77;1;1;9;1;10;0;0;0;0;0;0;0;0;0;0;;;;;;;;;;;;;;
01.07.2024;21:09;A 77;1;3;18;2;23;0;0;0;0;0;0;0;0;0;0;;;;;;;;;;;;;;
01.07.2024;21:08;A 77;1;5;19;2;22;0;0;0;0;0;0;0;0;0;0;;;;;;;;;;;;;;
01.07.2024;21:07;A 77;1;1;11;0;3;0;0;0;0;0;0;0;0;0;0;;;;;;;;;;;;;;
01.07.2024;21:06;A 77;1;1;5;5;19;0;0;0;0;0;0;0;0;0;0;;;;;;;;;;;;;;
01.07.2024;21:05;A 77;1;1;4;2;11;0;0;0;0;0;0;0;0;0;0;;;;;;;;;;;;;;
01.07.2024;21:04;A 77;1;1;5;2;9;0;0;0;0;0;0;0;0;0;0;;;;;;;;;;;;;;
01.07.2024;21:03;A 77;1;2;10;1;1;0;0;0;0;0;0;0;0;0;0;;;;;;;;;;;;;;
01.07.2024;21:02;A 77;1;1;9;2;21;0;0;0;0;0;0;0;0;0;0;;;;;;;;;;;;;;
01.07.2024;21:01;A 77;1;1;6;1;6;0;0;0;0;0;0;0;0;0;0;;;;;;;;;;;;;;
01.07.2024;21:00;A 77;1;1;10;2;15;0;0;0;0;0;0;0;0;0;0;;;;;;;;;;;;;;
01.07.2024;20:59;A 77;1;0;0;3;9;0;0;0;0;0;0;0;0;0;0;;;;;;;;;;;;;;
01.07.2024;20:58;A 77;1;1;5;3;11;0;0;0;0;0;0;0;0;0;0;;;;;;;;;;;;;;
01.07.2024;20:57;A 77;1;1;4;4;26;0;0;0;0;0;0;0;0;0;0;;;;;;;;;;;;;;
01.07.2024;20:56;A 77;1;2;8;1;5;0;0;0;0;0;0;0;0;0;0;;;;;;;;;;;;;;
01.07.2024;20:55;A 77;1;5;23;2;13;0;0;0;0;0;0;0;0;0;0;;;;;;;;;;;;;;
01.07.2024;20:54;A 77;1;1;7;1;73;1;17;0;0;0;0;0;0;0;0;;;;;;;;;;;;;;
01.07.2024;20:53;A 77;1;1;7;1;4;0;0;2;3;2;3;0;0;0;0;;;;;;;;;;;;;;
01.07.2024;20:52;A 77;1;0;0;3;25;0;0;0;0;0;0;0;0;0;0;;;;;;;;;;;;;;
01.07.2024;20:51;A 77;1;2;14;1;4;1;14;0;0;0;0;0;0;0;0;;;;;;;;;;;;;;
01.07.2024;20:50;A 77;1;1;3;1;11;0;0;1;1;0;0;0;0;0;0;;;;;;;;;;;;;;
01.07.2024;20:49;A 77;1;2;4;1;7;0;0;0;0;0;0;0;0;0;0;;;;;;;;;;;;;;
01.07.2024;20:48;A 77;1;0;0;4;11;0;0;0;0;0;0;0;0;0;0;;;;;;;;;;;;;;
01.07.2024;20:47;A 77;1;1;5;1;9;1;6;0;0;0;0;0;0;0;0;;;;;;;;;;;;;;
01.07.2024;20:46;A 77;1;3;18;3;28;0;0;0;0;0;0;0;0;0;0;;;;;;;;;;;;;;
01.07.2024;20:45;A 77;1;4;15;2;5;0;0;0;0;0;0;0;0;0;0;;;;;;;;;;;;;;
01.07.2024;20:44;A 77;1;3;9;1;18;0;0;0;0;0;0;0;0;0;0;;;;;;;;;;;;;;
01.07.2024;20:43;A 77;1;0;0;3;21;0;0;0;0;0;0;0;0;0;0;;;;;;;;;;;;;;
01.07.2024;20:42;A 77;1;2;7;1;14;0;0;0;0;0;0;0;0;0;0;;;;;;;;;;;;;;
01.07.2024;20:41;A 77;1;1;4;1;5;0;0;0;0;0;0;0;0;0;0;;;;;;;;;;;;;;
01.07.2024;20:40;A 77;1;2;16;3;19;0;0;0;0;0;0;0;0;0;0;;;;;;;;;;;;;;
01.07.2024;20:39;A 77;1;2;9;1;8;0;0;0;0;0;0;0;0;0;0;;;;;;;;;;;;;;
01.07.2024;20:38;A 77;1;0;0;1;1;3;22;0;0;0;0;0;0;1;1;;;;;;;;;;;;;;
01.07.2024;20:37;A 77;1;0;0;3;17;0;0;0;0;0;0;0;0;0;0;;;;;;;;;;;;;;
01.07.2024;20:36;A 77;1;0;0;2;4;0;0;0;0;0;0;0;0;0;0;;;;;;;;;;;;;;
01.07.2024;20:35;A 77;1;0;0;3;29;0;0;0;0;0;0;0;0;0;0;;;;;;;;;;;;;;
01.07.2024;20:34;A 77;1;2;7;0;0;0;0;0;0;0;0;0;0;0;0;;;;;;;;;;;;;;
01.07.2024;20:33;A 77;1;2;4;4;19;0;0;0;0;0;0;0;0;0;0;;;;;;;;;;;;;;
01.07.2024;20:32;A 77;1;1;4;4;23;0;0;0;0;0;0;0;0;0;0;;;;;;;;;;;;;;
01.07.2024;20:31;A 77;1;3;19;0;0;0;0;0;0;0;0;0;0;0;0;;;;;;;;;;;;;;
01.07.2024;20:30;A 77;1;2;14;1;16;0;0;0;0;0;0;0;0;0;0;;;;;;;;;;;;;;
01.07.2024;20:29;A 77;1;0;0;2;15;0;0;0;0;0;0;0;0;0;0;;;;;;;;;;;;;;
01.07.2024;20:28;A 77;1;2;10;3;31;0;0;0;0;0;0;0;0;0;0;;;;;;;;;;;;;;
01.07.2024;20:27;A 77;1;1;7;2;54;1;13;0;0;0;0;0;0;0;0;;;;;;;;;;;;;;
01.07.2024;20:26;A 77;1;1;6;1;4;0;0;2;3;0;0;0;0;0;0;;;;;;;;;;;;;;
01.07.2024;20:25;A 77;1;2;13;1;5;0;0;0;0;0;0;0;0;0;0;;;;;;;;;;;;;;
01.07.2024;20:24;A 77;1;3;12;8;39;0;0;0;0;0;0;0;0;0;0;;;;;;;;;;;;;;
01.07.2024;20:23;A 77;1;2;6;0;0;0;0;0;0;0;0;0;0;0;0;;;;;;;;;;;;;;
01.07.2024;20:22;A 77;1;0;0;4;29;0;0;0;0;0;0;0;0;0;0;;;;;;;;;;;;;;
01.07.2024;20:21;A 77;1;1;4;2;26;0;0;0;0;0;0;0;0;0;0;;;;;;;;;;;;;;
01.07.2024;20:20;A 77;1;1;19;3;62;1;13;0;0;0;0;0;0;0;0;;;;;;;;;;;;;;
01.07.2024;20:19;A 77;1;4;21;2;9;1;8;0;0;0;0;1;1;1;1;;;;;;;;;;;;;;
01.07.2024;20:18;A 77;1;2;9;2;16;0;0;0;0;0;0;0;0;0;0;;;;;;;;;;;;;;
01.07.2024;20:17;A 77;1;1;3;5;17;0;0;0;0;0;0;0;0;0;0;;;;;;;;;;;;;;
01.07.2024;20:16;A 77;1;1;19;6;42;0;0;0;0;0;0;0;0;0;0;;;;;;;;;;;;;;
01.07.2024;20:15;A 77;1;2;8;5;28;1;11;0;0;0;0;0;0;0;0;;;;;;;;;;;;;;
01.07.2024;20:14;A 77;1;1;9;2;9;1;16;5;8;1;1;0;0;0;0;;;;;;;;;;;;;;
01.07.2024;20:13;A 77;1;1;10;3;18;0;0;0;0;0;0;0;0;0;0;;;;;;;;;;;;;;
01.07.2024;20:12;A 77;1;4;12;3;23;0;0;0;0;0;0;0;0;0;0;;;;;;;;;;;;;;
01.07.2024;20:11;A 77;1;3;19;2;71;1;14;0;0;0;0;0;0;0;0;;;;;;;;;;;;;;
01.07.2024;20:10;A 77;1;3;18;0;19;1;10;0;0;1;1;0;0;0;0;;;;;;;;;;;;;;
01.07.2024;20:09;A 77;1;2;14;2;18;0;0;0;0;0;0;0;0;0;0;;;;;;;;;;;;;;
01.07.2024;20:08;A 77;1;0;0;3;21;1;8;0;0;0;0;0;0;0;0;;;;;;;;;;;;;;
01.07.2024;20:07;A 77;1;4;21;2;20;0;0;0;0;0;0;0;0;0;0;;;;;;;;;;;;;;
01.07.2024;20:06;A 77;1;4;19;2;16;1;17;0;0;0;0;0;0;0;0;;;;;;;;;;;;;;
01.07.2024;20:05;A 77;1;2;8;2;20;0;0;0;0;0;0;0;0;0;0;;;;;;;;;;;;;;
01.07.2024;20:04;A 77;1;0;0;0;0;0;0;0;0;0;0;0;0;0;0;;;;;;;;;;;;;;
01.07.2024;20:03;A 77;1;1;30;1;6;1;6;0;0;0;0;0;0;0;0;;;;;;;;;;;;;;
01.07.2024;20:02;A 77;1;2;5;3;9;0;0;1;1;1;1;0;0;0;0;;;;;;;;;;;;;;
01.07.2024;20:01;A 77;1;2;8;1;8;0;0;0;0;0;0;0;0;0;0;;;;;;;;;;;;;;
01.07.2024;20:00;A 77;1;1;5;5;53;0;0;0;0;0;0;0;0;0;0;;;;;;;;;;;;;;
01.07.2024;19:59;A 77;1;0;0;0;5;0;0;0;0;0;0;0;0;0;0;;;;;;;;;;;;;;
01.07.2024;19:58;A 77;1;0;0;5;39;0;0;0;0;0;0;0;0;0;0;;;;;;;;;;;;;;
01.07.2024;19:57;A 77;1;1;6;1;6;0;0;0;0;0;0;0;0;0;0;;;;;;;;;;;;;;
01.07.2024;19:56;A 77;1;6;42;2;8;0;0;0;0;0;0;0;0;0;0;;;;;;;;;;;;;;
01.07.2024;19:55;A 77;1;2;15;4;21;0;0;0;0;0;0;0;0;0;0;;;;;;;;;;;;;;
01.07.2024;19:54;A 77;1;1;10;5;45;0;0;0;0;0;0;0;0;0;0;;;;;;;;;;;;;;
01.07.2024;19:53;A 77;1;0;0;2;13;0;0;0;0;0;0;0;0;0;0;;;;;;;;;;;;;;
01.07.2024;19:52;A 77;1;0;0;3;10;0;0;0;0;0;0;0;0;0;0;;;;;;;;;;;;;;
01.07.2024;19:51;A 77;1;2;9;7;35;0;0;0;0;0;0;0;0;0;0;;;;;;;;;;;;;;
01.07.2024;19:50;A 77;1;3;19;1;6;0;0;0;0;0;0;0;0;0;0;;;;;;;;;;;;;;
01.07.2024;19:49;A 77;1;2;13;3;8;0;0;0;0;0;0;0;0;0;0;;;;;;;;;;;;;;
01.07.2024;19:48;A 77;1;3;14;2;16;1;13;0;0;0;0;1;1;1;1;;;;;;;;;;;;;;
01.07.2024;19:47;A 77;1;3;20;2;6;0;0;0;0;0;0;0;0;0;0;;;;;;;;;;;;;;
01.07.2024;19:46;A 77;1;0;0;3;26;0;0;0;0;0;0;0;0;0;0;;;;;;;;;;;;;;
01.07.2024;19:45;A 77;1;1;6;5;10;0;0;0;0;0;0;0;0;0;0;;;;;;;;;;;;;;
01.07.2024;19:44;A 77;1;2;7;2;6;0;0;0;0;0;0;0;0;0;0;;;;;;;;;;;;;;
01.07.2024;19:43;A 77;1;1;5;2;35;0;0;0;0;0;0;0;0;0;0;;;;;;;;;;;;;;
01.07.2024;19:42;A 77;1;2;11;2;13;0;0;0;0;0;0;0;0;0;0;;;;;;;;;;;;;;
01.07.2024;19:41;A 77;1;3;25;2;9;1;8;0;0;0;0;0;0;0;0;;;;;;;;;;;;;;
01.07.2024;19:40;A 77;1;1;4;2;11;0;0;0;0;0;0;0;0;0;0;;;;;;;;;;;;;;
01.07.2024;19:39;A 77;1;2;8;0;4;0;0;0;0;0;0;0;0;0;0;;;;;;;;;;;;;;
01.07.2024;19:38;A 77;1;2;10;1;11;0;0;0;0;0;0;0;0;0;0;;;;;;;;;;;;;;
01.07.2024;19:37;A 77;1;1;4;5;12;1;13;0;0;0;0;0;0;0;0;;;;;;;;;;;;;;
01.07.2024;19:36;A 77;1;3;14;2;11;0;0;0;0;0;0;0;0;0;0;;;;;;;;;;;;;;
01.07.2024;19:35;A 77;1;2;9;0;0;0;0;0;0;0;0;0;0;0;0;;;;;;;;;;;;;;
01.07.2024;19:34;A 77;1;0;0;6;29;0;0;0;0;0;0;0;0;0;0;;;;;;;;;;;;;;
01.07.2024;19:33;A 77;1;1;11;1;34;1;12;0;0;0;0;0;0;0;0;;;;;;;;;;;;;;
01.07.2024;19:32;A 77;1;0;0;3;76;1;12;2;3;0;0;0;0;0;0;;;;;;;;;;;;;;
01.07.2024;19:31;A 77;1;3;22;4;32;0;0;1;1;0;0;0;0;0;0;;;;;;;;;;;;;;
01.07.2024;19:30;A 77;1;3;23;1;10;0;0;0;0;0;0;0;0;0;0;;;;;;;;;;;;;;
01.07.2024;19:29;A 77;1;2;31;0;0;2;20;1;3;0;1;0;0;1;1;;;;;;;;;;;;;;
01.07.2024;19:28;A 77;1;1;3;4;17;0;0;1;0;1;0;0;0;0;0;;;;;;;;;;;;;;
01.07.2024;19:27;A 77;1;2;8;3;27;1;6;0;0;0;0;0;0;0;0;;;;;;;;;;;;;;
01.07.2024;19:26;A 77;1;5;14;1;5;0;0;0;0;0;0;0;0;0;0;;;;;;;;;;;;;;
01.07.2024;19:25;A 77;1;1;7;1;21;0;0;0;0;0;0;0;0;0;0;;;;;;;;;;;;;;
01.07.2024;19:24;A 77;1;3;16;6;34;0;0;0;0;0;0;0;0;0;0;;;;;;;;;;;;;;
01.07.2024;19:23;A 77;1;0;0;3;10;0;0;0;0;0;0;0;0;0;0;;;;;;;;;;;;;;
01.07.2024;19:22;A 77;1;1;7;2;65;2;18;0;0;2;3;0;0;0;0;;;;;;;;;;;;;;
01.07.2024;19:21;A 77;1;2;17;4;54;1;13;0;0;1;1;0;0;0;0;;;;;;;;;;;;;;
01.07.2024;19:20;A 77;1;1;2;3;12;1;12;0;0;0;0;0;0;0;0;;;;;;;;;;;;;;
01.07.2024;19:19;A 77;1;2;6;7;53;0;0;0;0;0;0;0;0;0;0;;;;;;;;;;;;;;
01.07.2024;19:18;A 77;1;2;4;2;92;1;11;0;0;1;1;0;0;0;0;;;;;;;;;;;;;;
01.07.2024;19:17;A 77;1;3;15;4;11;3;20;0;0;0;0;0;0;0;0;;;;;;;;;;;;;;
01.07.2024;19:16;A 77;1;7;27;6;40;1;1;0;0;0;0;0;0;0;0;;;;;;;;;;;;;;
01.07.2024;19:15;A 77;1;1;17;20;50;1;15;0;0;0;0;0;0;0;0;;;;;;;;;;;;;;
01.07.2024;19:14;A 77;1;3;14;4;27;3;20;0;0;0;0;0;0;0;0;;;;;;;;;;;;;;
01.07.2024;19:13;A 77;1;2;6;3;39;1;5;0;0;0;0;0;0;0;0;;;;;;;;;;;;;;
01.07.2024;19:12;A 77;1;1;6;2;71;1;9;1;1;1;1;0;0;0;0;;;;;;;;;;;;;;
01.07.2024;19:11;A 77;1;2;4;15;34;0;0;0;0;0;0;0;0;0;0;;;;;;;;;;;;;;
01.07.2024;19:10;A 77;1;3;14;3;27;1;2;0;0;0;0;0;0;0;0;;;;;;;;;;;;;;
01.07.2024;19:09;A 77;1;1;5;4;25;1;26;0;0;1;1;0;0;0;0;;;;;;;;;;;;;;
01.07.2024;19:08;A 77;1;4;10;2;37;2;13;0;0;0;0;0;0;0;0;;;;;;;;;;;;;;
01.07.2024;19:07;A 77;1;5;19;3;38;0;0;0;0;0;0;0;0;0;0;;;;;;;;;;;;;;
01.07.2024;19:06;A 77;1;4;21;5;61;1;11;0;0;0;0;0;0;0;0;;;;;;;;;;;;;;
01.07.2024;19:05;A 77;1;1;4;1;33;0;0;0;0;0;0;0;0;0;0;;;;;;;;;;;;;;
01.07.2024;19:04;A 77;1;0;0;9;34;0;0;0;0;0;0;0;0;0;0;;;;;;;;;;;;;;
01.07.2024;19:03;A 77;1;0;10;4;23;0;0;0;0;0;0;0;0;0;0;;;;;;;;;;;;;;
01.07.2024;19:02;A 77;1;5;35;9;37;1;1;0;0;0;0;0;0;0;0;;;;;;;;;;;;;;
01.07.2024;19:01;A 77;1;3;12;5;47;0;0;0;0;0;0;0;0;0;0;;;;;;;;;;;;;;
01.07.2024;19:00;A 77;1;2;7;11;50;1;4;0;0;0;0;0;0;0;0;;;;;;;;;;;;;;
01.07.2024;18:59;A 77;1;2;9;2;14;0;0;0;0;0;0;0;0;0;0;;;;;;;;;;;;;;
01.07.2024;18:58;A 77;1;3;21;3;25;0;0;0;0;0;0;0;0;0;0;;;;;;;;;;;;;;
01.07.2024;18:57;A 77;1;4;8;3;40;1;5;0;0;0;0;0;0;0;0;;;;;;;;;;;;;;
01.07.2024;18:56;A 77;1;2;20;5;32;0;0;0;0;0;0;0;0;0;0;;;;;;;;;;;;;;
01.07.2024;18:55;A 77;1;3;13;6;51;1;7;0;0;0;0;0;0;0;0;;;;;;;;;;;;;;
01.07.2024;18:54;A 77;1;1;7;1;68;1;14;0;0;0;0;1;1;0;0;;;;;;;;;;;;;;
01.07.2024;18:53;A 77;1;3;5;33;81;1;21;0;0;0;0;0;0;0;0;;;;;;;;;;;;;;
01.07.2024;18:52;A 77;1;1;5;15;40;1;3;0;0;1;1;0;0;0;0;;;;;;;;;;;;;;
01.07.2024;18:51;A 77;1;4;23;1;80;0;0;0;0;0;0;0;0;0;0;;;;;;;;;;;;;;
01.07.2024;18:50;A 77;1;4;18;5;19;0;0;0;0;0;0;0;0;0;0;;;;;;;;;;;;;;
01.07.2024;18:49;A 77;1;2;11;1;12;2;22;0;0;0;0;0;0;0;0;;;;;;;;;;;;;;
01.07.2024;18:48;A 77;1;2;9;3;44;1;16;0;0;0;0;0;0;1;1;;;;;;;;;;;;;;
01.07.2024;18:47;A 77;1;4;27;7;31;0;0;0;0;0;0;0;0;0;0;;;;;;;;;;;;;;
01.07.2024;18:46;A 77;1;1;5;2;39;0;0;0;0;0;0;0;0;0;0;;;;;;;;;;;;;;
01.07.2024;18:45;A 77;1;0;18;1;24;0;0;0;0;0;0;0;0;0;0;;;;;;;;;;;;;;
01.07.2024;18:44;A 77;1;3;16;3;9;1;9;0;0;0;0;1;1;0;0;;;;;;;;;;;;;;
01.07.2024;18:43;A 77;1;4;27;1;26;1;18;1;1;1;1;0;0;0;0;;;;;;;;;;;;;;
01.07.2024;18:42;A 77;1;3;14;4;44;1;1;0;0;0;0;0;0;0;0;;;;;;;;;;;;;;
01.07.2024;18:41;A 77;1;1;6;3;18;1;5;0;0;0;0;0;0;0;0;;;;;;;;;;;;;;
01.07.2024;18:40;A 77;1;0;0;1;13;0;0;0;0;0;0;0;0;0;0;;;;;;;;;;;;;;
01.07.2024;18:39;A 77;1;3;18;1;10;1;16;2;3;0;0;0;0;0;0;;;;;;;;;;;;;;
01.07.2024;18:38;A 77;1;4;9;3;46;1;5;0;0;0;0;0;0;0;0;;;;;;;;;;;;;;
01.07.2024;18:37;A 77;1;1;4;7;25;1;10;0;0;0;0;1;1;0;0;;;;;;;;;;;;;;
01.07.2024;18:36;A 77;1;1;9;7;32;1;5;0;0;0;0;0;0;0;0;;;;;;;;;;;;;;
01.07.2024;18:35;A 77;1;1;4;2;11;1;6;0;0;0;0;0;0;0;0;;;;;;;;;;;;;;
01.07.2024;18:34;A 77;1;3;9;5;28;1;9;0;0;0;0;0;0;0;0;;;;;;;;;;;;;;
01.07.2024;18:33;A 77;1;1;3;1;8;0;0;0;0;0;0;0;0;0;0;;;;;;;;;;;;;;
01.07.2024;18:32;A 77;1;1;4;4;20;1;1;0;0;0;0;0;0;0;0;;;;;;;;;;;;;;
01.07.2024;18:31;A 77;1;3;13;4;37;0;0;0;0;0;0;0;0;0;0;;;;;;;;;;;;;;
01.07.2024;18:30;A 77;1;4;20;1;70;1;19;0;0;0;0;0;0;0;0;;;;;;;;;;;;;;
01.07.2024;18:29;A 77;1;5;15;10;33;1;8;0;0;1;1;0;0;0;0;;;;;;;;;;;;;;
01.07.2024;18:28;A 77;1;1;4;10;56;0;0;0;0;0;0;0;0;0;0;;;;;;;;;;;;;;
01.07.2024;18:27;A 77;1;3;19;8;48;2;5;0;0;0;0;0;0;0;0;;;;;;;;;;;;;;
01.07.2024;18:26;A 77;1;3;15;28;48;1;13;0;0;0;0;1;1;1;1;;;;;;;;;;;;;;
01.07.2024;18:25;A 77;1;4;41;5;61;2;24;0;0;0;0;2;3;1;1;;;;;;;;;;;;;;
01.07.2024;18:24;A 77;1;2;14;3;97;1;5;1;1;0;0;0;0;0;0;;;;;;;;;;;;;;
01.07.2024;18:23;A 77;1;1;4;6;32;1;14;0;0;0;0;0;0;0;0;;;;;;;;;;;;;;
01.07.2024;18:22;A 77;1;3;9;2;44;0;0;1;1;1;1;0;0;1;1;;;;;;;;;;;;;;
01.07.2024;18:21;A 77;1;2;14;3;33;1;17;2;3;0;0;1;1;1;1;;;;;;;;;;;;;;
01.07.2024;18:20;A 77;1;4;17;4;36;1;6;1;1;0;0;0;0;0;0;;;;;;;;;;;;;;
01.07.2024;18:19;A 77;1;2;5;4;48;0;0;0;0;0;0;0;0;0;0;;;;;;;;;;;;;;
01.07.2024;18:18;A 77;1;0;0;7;58;0;0;0;0;0;0;0;0;0;0;;;;;;;;;;;;;;
01.07.2024;18:17;A 77;1;2;9;1;27;3;19;1;1;0;0;0;0;0;0;;;;;;;;;;;;;;
01.07.2024;18:16;A 77;1;7;26;4;24;0;0;0;0;0;0;0;0;0;0;;;;;;;;;;;;;;
01.07.2024;18:15;A 77;1;4;11;9;63;0;0;0;0;0;0;0;0;0;0;;;;;;;;;;;;;;
01.07.2024;18:14;A 77;1;1;8;2;1;1;10;1;1;2;3;0;0;0;0;;;;;;;;;;;;;;
01.07.2024;18:13;A 77;1;5;18;8;62;0;0;0;0;0;0;0;0;0;0;;;;;;;;;;;;;;
01.07.2024;18:12;A 77;1;1;9;15;39;1;10;1;1;1;1;0;0;0;0;;;;;;;;;;;;;;
01.07.2024;18:11;A 77;1;5;18;1;54;0;0;0;0;0;0;0;0;0;0;;;;;;;;;;;;;;
01.07.2024;18:10;A 77;1;6;43;7;52;1;17;0;0;0;0;0;0;1;1;;;;;;;;;;;;;;
01.07.2024;18:09;A 77;1;3;8;2;63;0;0;0;0;0;0;0;0;0;0;;;;;;;;;;;;;;
01.07.2024;18:08;A 77;1;1;1;3;23;0;0;0;0;0;0;0;0;0;0;;;;;;;;;;;;;;
01.07.2024;18:07;A 77;1;0;0;4;55;1;20;0;0;0;0;0;0;0;0;;;;;;;;;;;;;;
01.07.2024;18:06;A 77;1;4;35;5;61;0;0;0;0;1;1;1;1;1;1;;;;;;;;;;;;;;
01.07.2024;18:05;A 77;1;4;14;0;83;1;13;0;0;0;0;0;0;0;0;;;;;;;;;;;;;;
01.07.2024;18:04;A 77;1;2;15;4;24;0;0;1;1;0;0;0;0;0;0;;;;;;;;;;;;;;
01.07.2024;18:03;A 77;1;1;2;0;50;0;3;0;0;0;0;0;0;0;0;;;;;;;;;;;;;;
01.07.2024;18:02;A 77;1;2;12;2;37;1;14;0;0;0;0;0;0;1;1;;;;;;;;;;;;;;
01.07.2024;18:01;A 77;1;0;51;3;41;1;13;0;0;0;0;0;0;0;0;;;;;;;;;;;;;;
01.07.2024;18:00;A 77;1;4;30;12;53;0;0;0;0;2;3;0;0;0;0;;;;;;;;;;;;;;
01.07.2024;17:59;A 77;1;1;15;4;31;1;10;1;1;1;1;0;0;0;0;;;;;;;;;;;;;;
01.07.2024;17:58;A 77;1;1;5;4;42;1;14;0;0;0;0;0;0;0;0;;;;;;;;;;;;;;
01.07.2024;17:57;A 77;1;1;4;2;87;0;0;0;0;0;0;1;1;1;1;;;;;;;;;;;;;;
01.07.2024;17:56;A 77;1;1;8;12;32;1;12;0;0;0;0;1;1;0;0;;;;;;;;;;;;;;
01.07.2024;17:55;A 77;1;2;33;11;38;1;20;0;0;0;0;0;0;0;0;;;;;;;;;;;;;;
01.07.2024;17:54;A 77;1;2;7;5;61;0;0;0;0;1;1;0;0;0;0;;;;;;;;;;;;;;
01.07.2024;17:53;A 77;1;6;19;0;12;0;0;0;0;0;0;0;0;0;0;;;;;;;;;;;;;;
01.07.2024;17:52;A 77;1;4;19;1;28;0;0;0;0;0;0;0;0;0;0;;;;;;;;;;;;;;
01.07.2024;17:51;A 77;1;4;29;5;39;0;0;0;0;0;0;0;0;0;0;;;;;;;;;;;;;;
01.07.2024;17:50;A 77;1;4;12;6;56;0;0;0;0;0;0;0;0;0;0;;;;;;;;;;;;;;
01.07.2024;17:49;A 77;1;1;3;4;51;1;12;2;3;1;1;0;0;0;0;;;;;;;;;;;;;;
01.07.2024;17:48;A 77;1;2;6;2;37;0;0;0;0;0;0;0;0;0;0;;;;;;;;;;;;;;
01.07.2024;17:47;A 77;1;2;13;1;30;1;5;0;0;0;0;0;0;0;0;;;;;;;;;;;;;;
01.07.2024;17:46;A 77;1;1;8;3;30;1;14;1;1;0;0;0;0;0;0;;;;;;;;;;;;;;
01.07.2024;17:45;A 77;1;4;17;6;48;0;0;0;0;0;0;0;0;1;1;;;;;;;;;;;;;;
01.07.2024;17:44;A 77;1;1;4;0;26;1;10;0;0;0;0;1;1;0;0;;;;;;;;;;;;;;
01.07.2024;17:43;A 77;1;3;22;7;44;1;18;0;0;0;0;0;0;0;0;;;;;;;;;;;;;;
01.07.2024;17:42;A 77;1;4;39;6;76;0;0;0;0;0;0;1;1;0;0;;;;;;;;;;;;;;
01.07.2024;17:41;A 77;1;4;30;5;45;1;14;2;3;1;1;0;0;0;0;;;;;;;;;;;;;;
01.07.2024;17:40;A 77;1;4;23;6;44;0;0;0;0;0;0;0;0;0;0;;;;;;;;;;;;;;
01.07.2024;17:39;A 77;1;5;16;2;38;0;0;0;0;0;0;0;0;0;0;;;;;;;;;;;;;;
01.07.2024;17:38;A 77;1;8;39;8;60;1;19;0;0;0;0;0;0;0;0;;;;;;;;;;;;;;
01.07.2024;17:37;A 77;1;2;3;2;27;1;10;1;1;1;1;0;0;0;0;;;;;;;;;;;;;;
01.07.2024;17:36;A 77;1;1;12;5;48;0;0;0;0;0;0;0;0;1;1;;;;;;;;;;;;;;
01.07.2024;17:35;A 77;1;2;2;4;20;0;0;0;0;0;0;0;0;0;0;;;;;;;;;;;;;;
01.07.2024;17:34;A 77;1;1;5;1;22;0;0;0;0;0;0;0;0;0;0;;;;;;;;;;;;;;
01.07.2024;17:33;A 77;1;0;0;3;84;0;0;0;0;0;0;0;0;0;0;;;;;;;;;;;;;;
01.07.2024;17:32;A 77;1;0;0;3;81;1;6;0;0;1;1;0;0;0;0;;;;;;;;;;;;;;
01.07.2024;17:31;A 77;1;3;17;5;47;0;0;0;0;0;0;0;0;0;0;;;;;;;;;;;;;;
01.07.2024;17:30;A 77;1;3;13;9;33;0;0;0;0;0;0;0;0;0;0;;;;;;;;;;;;;;
01.07.2024;17:29;A 77;1;2;6;0;30;2;16;1;1;0;0;0;0;0;0;;;;;;;;;;;;;;
01.07.2024;17:28;A 77;1;1;6;3;99;1;12;0;0;0;0;0;0;0;0;;;;;;;;;;;;;;
01.07.2024;17:27;A 77;1;2;14;9;46;0;0;1;1;11;18;0;0;0;0;;;;;;;;;;;;;;
01.07.2024;17:26;A 77;1;5;28;2;12;0;0;0;0;0;0;0;0;0;0;;;;;;;;;;;;;;
01.07.2024;17:25;A 77;1;2;13;3;70;0;0;0;0;0;0;0;0;0;0;;;;;;;;;;;;;;
01.07.2024;17:24;A 77;1;5;11;1;50;1;15;0;0;0;0;1;1;0;0;;;;;;;;;;;;;;
01.07.2024;17:23;A 77;1;4;11;2;18;0;0;0;0;0;0;0;0;0;0;;;;;;;;;;;;;;
01.07.2024;17:22;A 77;1;7;17;2;55;1;7;0;0;1;1;0;0;0;0;;;;;;;;;;;;;;
01.07.2024;17:21;A 77;1;2;39;5;60;0;0;2;3;1;1;0;0;0;0;;;;;;;;;;;;;;
01.07.2024;17:20;A 77;1;4;25;3;70;0;0;0;0;0;0;0;0;0;0;;;;;;;;;;;;;;
01.07.2024;17:19;A 77;1;3;53;1;51;1;10;1;1;1;1;0;0;0;0;;;;;;;;;;;;;;
01.07.2024;17:18;A 77;1;2;36;7;33;0;0;0;0;1;1;0;0;0;0;;;;;;;;;;;;;;
01.07.2024;17:17;A 77;1;2;22;12;61;1;11;2;3;0;0;0;0;0;0;;;;;;;;;;;;;;
01.07.2024;17:16;A 77;1;1;9;5;55;0;3;0;0;0;0;0;0;0;0;;;;;;;;;;;;;;
01.07.2024;17:15;A 77;1;0;0;1;57;1;27;0;0;1;1;0;0;0;0;;;;;;;;;;;;;;
01.07.2024;17:14;A 77;1;5;15;0;0;1;0;0;0;1;1;0;0;0;0;;;;;;;;;;;;;;
01.07.2024;17:13;A 77;1;4;21;2;95;1;16;0;0;0;0;0;0;0;0;;;;;;;;;;;;;;
01.07.2024;17:12;A 77;1;5;21;4;40;1;3;0;0;0;0;0;0;1;1;;;;;;;;;;;;;;
01.07.2024;17:11;A 77;1;0;0;2;32;0;0;0;0;0;0;0;0;0;0;;;;;;;;;;;;;;
01.07.2024;17:10;A 77;1;2;17;7;75;1;9;0;0;0;0;0;0;0;0;;;;;;;;;;;;;;
01.07.2024;17:09;A 77;1;2;4;2;67;0;0;0;0;0;0;2;3;0;0;;;;;;;;;;;;;;
01.07.2024;17:08;A 77;1;2;4;1;97;0;1;0;0;0;0;0;0;0;0;;;;;;;;;;;;;;
01.07.2024;17:07;A 77;1;5;39;4;34;1;11;0;0;0;0;1;1;1;1;;;;;;;;;;;;;;
01.07.2024;17:06;A 77;1;4;17;9;64;1;9;1;1;1;1;0;0;1;1;;;;;;;;;;;;;;
01.07.2024;17:05;A 77;1;3;21;7;20;1;15;2;3;0;0;0;0;0;0;;;;;;;;;;;;;;
01.07.2024;17:04;A 77;1;3;25;6;68;1;14;0;0;0;0;1;1;1;1;;;;;;;;;;;;;;
01.07.2024;17:03;A 77;1;3;14;1;66;0;18;0;0;0;0;0;0;0;0;;;;;;;;;;;;;;
01.07.2024;17:02;A 77;1;3;17;14;51;1;7;0;0;0;0;1;1;0;0;;;;;;;;;;;;;;
01.07.2024;17:01;A 77;1;1;7;4;54;1;12;0;0;0;0;0;0;0;0;;;;;;;;;;;;;;
01.07.2024;17:00;A 77;1;1;22;1;84;0;0;1;1;1;1;0;0;0;0;;;;;;;;;;;;;;
01.07.2024;16:59;A 77;1;2;51;0;17;1;4;0;0;0;0;0;0;0;0;;;;;;;;;;;;;;
01.07.2024;16:58;A 77;1;0;37;4;49;0;17;0;0;1;1;0;0;0;0;;;;;;;;;;;;;;
01.07.2024;16:57;A 77;1;5;25;2;42;1;8;2;3;0;0;1;1;1;1;;;;;;;;;;;;;;
01.07.2024;16:56;A 77;1;1;6;1;18;1;14;1;1;0;0;0;0;0;0;;;;;;;;;;;;;;
01.07.2024;16:55;A 77;1;4;30;4;34;1;8;0;0;0;0;0;0;0;0;;;;;;;;;;;;;;
01.07.2024;16:54;A 77;1;5;22;4;40;0;0;2;3;5;8;0;0;0;0;;;;;;;;;;;;;;
01.07.2024;16:53;A 77;1;4;16;1;90;0;0;0;0;0;0;0;0;0;0;;;;;;;;;;;;;;
01.07.2024;16:52;A 77;1;1;27;1;45;1;19;4;6;0;0;0;0;0;0;;;;;;;;;;;;;;
01.07.2024;16:51;A 77;1;3;20;6;62;0;0;0;0;0;0;0;0;0;0;;;;;;;;;;;;;;
01.07.2024;16:50;A 77;1;0;0;2;21;1;12;0;0;0;0;0;0;0;0;;;;;;;;;;;;;;
01.07.2024;16:49;A 77;1;2;4;5;58;0;0;0;0;1;1;0;0;0;0;;;;;;;;;;;;;;
01.07.2024;16:48;A 77;1;2;2;5;36;0;0;0;0;0;0;0;0;0;0;;;;;;;;;;;;;;
01.07.2024;16:47;A 77;1;2;9;2;14;1;21;0;0;0;0;0;0;0;0;;;;;;;;;;;;;;
01.07.2024;16:46;A 77;1;6;23;4;39;0;0;0;0;1;1;0;0;0;0;;;;;;;;;;;;;;
01.07.2024;16:45;A 77;1;4;10;5;52;0;0;0;0;0;0;0;0;0;0;;;;;;;;;;;;;;
01.07.2024;16:44;A 77;1;3;12;2;40;0;0;0;0;0;0;0;0;0;0;;;;;;;;;;;;;;
01.07.2024;16:43;A 77;1;1;5;3;42;0;0;0;0;0;0;0;0;0;0;;;;;;;;;;;;;;
01.07.2024;16:42;A 77;1;3;14;5;39;1;12;1;1;1;1;1;1;1;1;;;;;;;;;;;;;;
01.07.2024;16:41;A 77;1;3;23;4;66;0;0;0;0;0;0;0;0;0;0;;;;;;;;;;;;;;
01.07.2024;16:40;A 77;1;2;9;2;46;1;23;0;0;1;1;0;0;0;0;;;;;;;;;;;;;;
01.07.2024;16:39;A 77;1;0;0;0;78;0;0;0;0;0;0;0;0;0;0;;;;;;;;;;;;;;
01.07.2024;16:38;A 77;1;3;10;1;74;1;15;1;1;1;1;0;0;0;0;;;;;;;;;;;;;;
01.07.2024;16:37;A 77;1;2;10;5;34;0;0;0;0;0;0;0;0;0;0;;;;;;;;;;;;;;
01.07.2024;16:36;A 77;1;4;68;3;46;0;0;0;0;0;0;0;0;0;0;;;;;;;;;;;;;;
01.07.2024;16:35;A 77;1;0;0;2;21;1;14;0;0;0;0;0;0;0;0;;;;;;;;;;;;;;
01.07.2024;16:34;A 77;1;0;0;5;28;1;15;0;0;0;0;2;3;0;0;;;;;;;;;;;;;;
01.07.2024;16:33;A 77;1;1;3;0;78;0;0;0;0;1;1;0;0;0;0;;;;;;;;;;;;;;
01.07.2024;16:32;A 77;1;4;21;2;78;1;5;0;0;0;0;0;0;0;0;;;;;;;;;;;;;;
01.07.2024;16:31;A 77;1;2;10;19;49;0;0;0;0;0;0;0;0;0;0;;;;;;;;;;;;;;
01.07.2024;16:30;A 77;1;2;14;2;83;2;19;1;1;0;0;0;0;0;0;;;;;;;;;;;;;;
01.07.2024;16:29;A 77;1;5;11;1;97;7;14;0;0;1;1;0;0;0;0;;;;;;;;;;;;;;
01.07.2024;16:28;A 77;1;0;0;1;36;1;2;0;0;0;0;0;0;0;0;;;;;;;;;;;;;;
01.07.2024;16:27;A 77;1;3;13;7;22;0;0;0;0;0;0;0;0;0;0;;;;;;;;;;;;;;
01.07.2024;16:26;A 77;1;2;13;3;23;3;9;0;0;0;0;0;0;0;0;;;;;;;;;;;;;;
01.07.2024;16:25;A 77;1;2;13;2;47;1;2;0;0;0;0;0;0;0;0;;;;;;;;;;;;;;
01.07.2024;16:24;A 77;1;6;18;2;24;1;3;0;0;0;0;0;0;0;0;;;;;;;;;;;;;;
01.07.2024;16:23;A 77;1;3;15;3;69;0;0;0;0;0;0;0;0;0;0;;;;;;;;;;;;;;
01.07.2024;16:22;A 77;1;1;3;5;30;3;15;0;0;0;0;0;0;0;0;;;;;;;;;;;;;;
01.07.2024;16:21;A 77;1;4;16;5;74;1;6;0;0;2;3;0;0;0;0;;;;;;;;;;;;;;
01.07.2024;16:20;A 77;1;3;12;5;38;0;0;0;0;0;0;0;0;0;0;;;;;;;;;;;;;;
01.07.2024;16:19;A 77;1;5;19;4;56;0;0;0;0;0;0;0;0;0;0;;;;;;;;;;;;;;
01.07.2024;16:18;A 77;1;2;14;3;46;3;31;0;0;0;0;1;1;1;1;;;;;;;;;;;;;;
01.07.2024;16:17;A 77;1;2;8;2;84;2;20;0;0;0;0;0;0;0;0;;;;;;;;;;;;;;
01.07.2024;16:16;A 77;1;2;19;4;30;2;12;0;0;1;1;0;0;0;0;;;;;;;;;;;;;;
01.07.2024;16:15;A 77;1;2;13;0;43;1;3;0;0;0;0;0;0;0;0;;;;;;;;;;;;;;
01.07.2024;16:14;A 77;1;0;0;2;62;1;16;5;8;11;18;0;0;0;0;;;;;;;;;;;;;;
01.07.2024;16:13;A 77;1;0;0;3;44;2;20;2;3;0;0;0;0;0;0;;;;;;;;;;;;;;
01.07.2024;16:12;A 77;1;4;12;5;56;0;0;0;0;0;0;0;0;0;0;;;;;;;;;;;;;;
01.07.2024;16:11;A 77;1;3;28;16;87;0;12;0;0;0;0;0;0;0;0;;;;;;;;;;;;;;
01.07.2024;16:10;A 77;1;4;47;2;31;1;6;0;0;0;0;0;0;1;1;;;;;;;;;;;;;;
01.07.2024;16:09;A 77;1;2;12;3;66;1;17;0;0;0;0;1;1;3;5;;;;;;;;;;;;;;
01.07.2024;16:08;A 77;1;3;11;3;64;1;14;0;0;0;0;0;0;0;0;;;;;;;;;;;;;;
01.07.2024;16:07;A 77;1;3;16;22;58;0;0;0;0;0;0;0;0;1;1;;;;;;;;;;;;;;
01.07.2024;16:06;A 77;1;4;30;10;94;2;21;0;0;0;0;0;0;0;0;;;;;;;;;;;;;;
01.07.2024;16:05;A 77;1;5;19;6;50;0;0;0;0;0;0;1;1;0;0;;;;;;;;;;;;;;
01.07.2024;16:04;A 77;1;2;5;0;81;0;1;0;0;0;0;0;0;0;0;;;;;;;;;;;;;;
01.07.2024;16:03;A 77;1;2;16;5;90;1;16;0;0;0;0;0;0;0;0;;;;;;;;;;;;;;
01.07.2024;16:02;A 77;1;5;32;5;34;0;0;0;0;1;1;0;0;0;0;;;;;;;;;;;;;;
01.07.2024;16:01;A 77;1;2;22;5;51;1;6;0;0;0;0;0;0;0;0;;;;;;;;;;;;;;
01.07.2024;16:00;A 77;1;5;20;3;53;1;13;0;0;1;1;0;0;0;0;;;;;;;;;;;;;;
01.07.2024;15:59;A 77;1;0;0;1;74;0;25;0;0;0;0;0;0;0;0;;;;;;;;;;;;;;
01.07.2024;15:58;A 77;1;3;11;2;20;1;4;1;1;0;0;1;1;0;0;;;;;;;;;;;;;;
01.07.2024;15:57;A 77;1;2;15;3;69;1;1;0;0;0;0;1;1;1;1;;;;;;;;;;;;;;
01.07.2024;15:56;A 77;1;5;27;0;2;1;11;0;0;1;1;0;0;0;0;;;;;;;;;;;;;;
01.07.2024;15:55;A 77;1;4;40;7;41;0;0;0;0;0;0;0;0;0;0;;;;;;;;;;;;;;
01.07.2024;15:54;A 77;1;1;5;2;50;1;15;0;0;0;0;0;0;1;1;;;;;;;;;;;;;;
01.07.2024;15:53;A 77;1;1;4;1;37;1;12;0;0;0;0;2;3;8;13;;;;;;;;;;;;;;
01.07.2024;15:52;A 77;1;3;13;2;60;1;10;0;0;0;0;1;1;1;1;;;;;;;;;;;;;;
01.07.2024;15:51;A 77;1;1;8;5;70;0;0;1;1;1;1;0;0;0;0;;;;;;;;;;;;;;
01.07.2024;15:50;A 77;1;1;4;0;13;0;0;0;0;0;0;0;0;0;0;;;;;;;;;;;;;;
01.07.2024;15:49;A 77;1;2;9;3;38;0;0;0;0;0;0;0;0;0;0;;;;;;;;;;;;;;
01.07.2024;15:48;A 77;1;1;19;1;75;0;0;0;0;0;0;0;0;0;0;;;;;;;;;;;;;;
01.07.2024;15:47;A 77;1;1;8;3;13;2;36;0;0;0;0;0;0;0;0;;;;;;;;;;;;;;
01.07.2024;15:46;A 77;1;0;0;6;27;0;0;0;0;0;0;0;0;0;0;;;;;;;;;;;;;;
01.07.2024;15:45;A 77;1;2;38;1;21;0;0;0;0;0;0;0;0;0;0;;;;;;;;;;;;;;
01.07.2024;15:44;A 77;1;3;29;0;33;1;11;1;1;0;0;0;0;0;0;;;;;;;;;;;;;;
01.07.2024;15:43;A 77;1;2;44;1;52;1;16;2;3;0;0;0;0;0;0;;;;;;;;;;;;;;
01.07.2024;15:42;A 77;1;2;10;3;54;0;0;0;0;0;0;0;0;0;0;;;;;;;;;;;;;;
01.07.2024;15:41;A 77;1;0;0;1;5;0;0;0;0;0;0;0;0;0;0;;;;;;;;;;;;;;
01.07.2024;15:40;A 77;1;2;19;3;33;0;10;0;0;0;0;0;0;0;0;;;;;;;;;;;;;;
01.07.2024;15:39;A 77;1;2;12;4;59;2;5;0;0;0;0;1;1;0;0;;;;;;;;;;;;;;
01.07.2024;15:38;A 77;1;7;36;0;55;0;0;0;0;0;0;0;0;0;0;;;;;;;;;;;;;;
01.07.2024;15:37;A 77;1;4;20;2;26;2;29;0;0;0;0;0;0;1;1;;;;;;;;;;;;;;
01.07.2024;15:36;A 77;1;2;14;3;54;0;0;1;1;2;3;0;0;0;0;;;;;;;;;;;;;;
01.07.2024;15:35;A 77;1;2;8;1;64;0;0;0;0;0;0;0;0;0;0;;;;;;;;;;;;;;
01.07.2024;15:34;A 77;1;3;18;2;46;1;16;1;1;1;1;0;0;0;0;;;;;;;;;;;;;;
01.07.2024;15:33;A 77;1;1;3;4;70;0;0;0;0;0;0;0;0;0;0;;;;;;;;;;;;;;
01.07.2024;15:32;A 77;1;3;7;1;7;0;0;0;0;0;0;0;0;0;0;;;;;;;;;;;;;;
01.07.2024;15:31;A 77;1;4;18;2;17;0;0;0;0;0;0;0;0;0;0;;;;;;;;;;;;;;
01.07.2024;15:30;A 77;1;2;26;1;57;1;11;1;1;0;0;0;0;0;0;;;;;;;;;;;;;;
01.07.2024;15:29;A 77;1;3;26;0;59;0;0;1;1;1;1;0;0;0;0;;;;;;;;;;;;;;
01.07.2024;15:28;A 77;1;2;13;2;74;1;14;0;0;1;1;0;0;0;0;;;;;;;;;;;;;;
01.07.2024;15:27;A 77;1;2;15;5;86;1;2;1;1;0;0;0;0;0;0;;;;;;;;;;;;;;
01.07.2024;15:26;A 77;1;1;7;2;27;0;0;0;0;0;0;0;0;0;0;;;;;;;;;;;;;;
01.07.2024;15:25;A 77;1;3;12;4;42;0;0;0;0;0;0;0;0;0;0;;;;;;;;;;;;;;
01.07.2024;15:24;A 77;1;1;5;2;41;0;0;0;0;0;0;0;0;0;0;;;;;;;;;;;;;;
01.07.2024;15:23;A 77;1;5;27;2;57;1;3;0;0;0;0;0;0;0;0;;;;;;;;;;;;;;
01.07.2024;15:22;A 77;1;2;6;4;43;0;0;0;0;0;0;0;0;0;0;;;;;;;;;;;;;;
01.07.2024;15:21;A 77;1;4;11;6;60;0;0;0;0;0;0;0;0;0;0;;;;;;;;;;;;;;
01.07.2024;15:20;A 77;1;2;47;4;61;0;7;0;0;0;0;0;0;0;0;;;;;;;;;;;;;;
01.07.2024;15:19;A 77;1;6;26;6;46;2;20;1;1;0;0;3;5;1;1;;;;;;;;;;;;;;
01.07.2024;15:18;A 77;1;0;2;2;79;0;0;5;8;1;1;0;0;0;0;;;;;;;;;;;;;;
01.07.2024;15:17;A 77;1;4;17;2;12;0;0;0;0;0;0;0;0;0;0;;;;;;;;;;;;;;
01.07.2024;15:16;A 77;1;1;3;2;34;2;17;1;1;6;10;0;0;0;0;;;;;;;;;;;;;;
01.07.2024;15:15;A 77;1;3;23;1;72;1;18;1;1;2;3;0;0;0;0;;;;;;;;;;;;;;
01.07.2024;15:14;A 77;1;1;5;2;2;1;15;1;1;1;1;0;0;0;0;;;;;;;;;;;;;;
01.07.2024;15:13;A 77;1;3;8;5;43;0;0;0;0;0;0;0;0;0;0;;;;;;;;;;;;;;
01.07.2024;15:12;A 77;1;1;9;1;66;1;19;0;0;0;0;0;0;2;3;;;;;;;;;;;;;;
01.07.2024;15:11;A 77;1;2;50;2;87;0;0;5;8;7;11;0;0;0;0;;;;;;;;;;;;;;
01.07.2024;15:10;A 77;1;3;9;1;0;0;0;0;0;1;1;0;0;0;0;;;;;;;;;;;;;;
01.07.2024;15:09;A 77;1;3;15;4;25;0;0;0;0;0;0;0;0;0;0;;;;;;;;;;;;;;
01.07.2024;15:08;A 77;1;4;6;2;39;1;11;1;1;0;0;0;0;0;0;;;;;;;;;;;;;;
01.07.2024;15:07;A 77;1;4;12;5;63;0;0;0;0;0;0;0;0;0;0;;;;;;;;;;;;;;
01.07.2024;15:06;A 77;1;2;20;10;53;0;0;0;0;0;0;0;0;0;0;;;;;;;;;;;;;;
01.07.2024;15:05;A 77;1;4;13;2;11;0;0;0;0;0;0;0;0;0;0;;;;;;;;;;;;;;
01.07.2024;15:04;A 77;1;2;10;5;25;0;0;0;0;0;0;0;0;0;0;;;;;;;;;;;;;;
01.07.2024;15:03;A 77;1;1;5;4;67;0;0;0;0;0;0;0;0;0;0;;;;;;;;;;;;;;
01.07.2024;15:02;A 77;1;2;17;1;12;0;0;0;0;0;0;0;0;0;0;;;;;;;;;;;;;;
01.07.2024;15:01;A 77;1;3;26;6;39;0;7;0;0;0;0;0;0;0;0;;;;;;;;;;;;;;
01.07.2024;15:00;A 77;1;3;16;7;36;1;10;0;0;0;0;1;1;27;45;;;;;;;;;;;;;;
01.07.2024;14:59;A 77;1;3;10;1;87;2;12;0;0;1;1;0;0;0;0;;;;;;;;;;;;;;
01.07.2024;14:58;A 77;1;1;4;3;44;0;0;0;0;0;0;0;0;0;0;;;;;;;;;;;;;;
01.07.2024;14:57;A 77;1;2;2;5;57;1;11;0;0;0;0;0;0;0;0;;;;;;;;;;;;;;
01.07.2024;14:56;A 77;1;3;19;2;25;2;27;0;0;1;1;0;0;0;0;;;;;;;;;;;;;;
01.07.2024;14:55;A 77;1;1;6;2;9;0;0;0;0;2;3;0;0;0;0;;;;;;;;;;;;;;
01.07.2024;14:54;A 77;1;6;18;4;19;0;0;0;0;0;0;0;0;0;0;;;;;;;;;;;;;;
01.07.2024;14:53;A 77;1;3;14;5;69;1;23;0;0;0;0;0;0;0;0;;;;;;;;;;;;;;
01.07.2024;14:52;A 77;1;9;42;3;67;0;0;2;3;1;1;0;0;0;0;;;;;;;;;;;;;;
01.07.2024;14:51;A 77;1;3;15;6;30;0;0;0;0;0;0;0;0;0;0;;;;;;;;;;;;;;
01.07.2024;14:50;A 77;1;1;5;1;7;0;0;0;0;0;0;0;0;0;0;;;;;;;;;;;;;;
01.07.2024;14:49;A 77;1;2;43;3;47;1;19;0;0;0;0;0;0;0;0;;;;;;;;;;;;;;
01.07.2024;14:48;A 77;1;3;14;0;100;0;0;0;0;0;0;0;0;1;1;;;;;;;;;;;;;;
01.07.2024;14:47;A 77;1;4;34;2;50;0;25;0;0;0;0;0;0;1;1;;;;;;;;;;;;;;
01.07.2024;14:46;A 77;1;3;14;2;10;1;0;0;0;0;0;1;1;1;1;;;;;;;;;;;;;;
01.07.2024;14:45;A 77;1;2;19;2;37;0;0;0;0;0;0;0;0;0;0;;;;;;;;;;;;;;
01.07.2024;14:44;A 77;1;1;6;1;67;0;11;0;0;0;0;0;0;0;0;;;;;;;;;;;;;;
01.07.2024;14:43;A 77;1;6;26;3;65;2;3;0;0;0;0;1;1;0;0;;;;;;;;;;;;;;
01.07.2024;14:42;A 77;1;4;36;3;4;1;29;0;0;6;10;0;0;0;0;;;;;;;;;;;;;;
01.07.2024;14:41;A 77;1;2;6;2;76;0;0;1;1;14;23;0;0;9;15;;;;;;;;;;;;;;
01.07.2024;14:40;A 77;1;1;8;3;76;1;16;0;0;0;0;0;0;0;0;;;;;;;;;;;;;;
01.07.2024;14:39;A 77;1;0;0;0;66;0;0;0;0;0;0;0;0;1;1;;;;;;;;;;;;;;
01.07.2024;14:38;A 77;1;3;19;2;11;1;11;0;0;0;0;1;1;1;1;;;;;;;;;;;;;;
01.07.2024;14:37;A 77;1;2;4;2;26;1;13;0;0;0;0;0;0;0;0;;;;;;;;;;;;;;
01.07.2024;14:36;A 77;1;3;25;4;51;0;0;0;0;0;0;0;0;1;1;;;;;;;;;;;;;;
01.07.2024;14:35;A 77;1;5;24;1;23;0;4;0;0;0;0;0;0;0;0;;;;;;;;;;;;;;
01.07.2024;14:34;A 77;1;2;4;2;17;2;10;0;0;0;0;0;0;5;8;;;;;;;;;;;;;;
01.07.2024;14:33;A 77;1;2;7;3;39;1;11;0;0;0;0;1;1;0;0;;;;;;;;;;;;;;
01.07.2024;14:32;A 77;1;3;9;2;43;1;17;0;0;0;0;0;0;1;1;;;;;;;;;;;;;;
01.07.2024;14:31;A 77;1;3;21;3;15;1;2;1;1;1;1;0;0;0;0;;;;;;;;;;;;;;
01.07.2024;14:30;A 77;1;0;0;5;26;0;0;0;0;0;0;0;0;0;0;;;;;;;;;;;;;;
01.07.2024;14:29;A 77;1;2;16;6;24;0;0;0;0;0;0;0;0;0;0;;;;;;;;;;;;;;
01.07.2024;14:28;A 77;1;1;15;2;48;0;0;0;0;0;0;0;0;0;0;;;;;;;;;;;;;;
01.07.2024;14:27;A 77;1;2;13;1;6;0;0;0;0;0;0;0;0;0;0;;;;;;;;;;;;;;
01.07.2024;14:26;A 77;1;0;1;1;25;0;0;0;0;0;0;0;0;0;0;;;;;;;;;;;;;;
01.07.2024;14:25;A 77;1;3;20;3;53;1;11;2;3;0;0;0;0;0;0;;;;;;;;;;;;;;
01.07.2024;14:24;A 77;1;2;10;6;36;0;0;0;0;0;0;0;0;0;0;;;;;;;;;;;;;;
01.07.2024;14:23;A 77;1;6;23;3;57;0;0;0;0;0;0;0;0;0;0;;;;;;;;;;;;;;
01.07.2024;14:22;A 77;1;6;28;1;41;1;13;0;0;0;0;0;0;1;1;;;;;;;;;;;;;;
01.07.2024;14:21;A 77;1;2;14;1;30;2;17;0;0;0;0;1;1;2;3;;;;;;;;;;;;;;
01.07.2024;14:20;A 77;1;1;7;3;21;0;0;0;0;0;0;0;0;0;0;;;;;;;;;;;;;;
01.07.2024;14:19;A 77;1;3;19;3;22;0;0;0;0;0;0;0;0;0;0;;;;;;;;;;;;;;
01.07.2024;14:18;A 77;1;3;18;3;39;0;0;0;0;0;0;0;0;0;0;;;;;;;;;;;;;;
01.07.2024;14:17;A 77;1;1;8;4;27;0;0;0;0;0;0;0;0;0;0;;;;;;;;;;;;;;
01.07.2024;14:16;A 77;1;3;16;5;27;0;0;0;0;0;0;0;0;0;0;;;;;;;;;;;;;;
01.07.2024;14:15;A 77;1;1;4;3;18;0;0;0;0;0;0;0;0;0;0;;;;;;;;;;;;;;
01.07.2024;14:14;A 77;1;2;16;2;16;2;20;0;0;1;1;0;0;0;0;;;;;;;;;;;;;;
01.07.2024;14:13;A 77;1;3;7;2;43;0;0;0;0;0;0;0;0;0;0;;;;;;;;;;;;;;
01.07.2024;14:12;A 77;1;2;17;2;60;1;14;0;0;1;1;0;0;0;0;;;;;;;;;;;;;;
01.07.2024;14:11;A 77;1;1;8;3;21;1;11;0;0;0;0;0;0;0;0;;;;;;;;;;;;;;
01.07.2024;14:10;A 77;1;5;24;3;47;0;0;2;3;0;0;0;0;0;0;;;;;;;;;;;;;;
01.07.2024;14:09;A 77;1;1;4;2;42;2;20;0;0;0;0;1;1;0;0;;;;;;;;;;;;;;
01.07.2024;14:08;A 77;1;5;38;4;30;1;10;0;0;0;0;0;0;1;1;;;;;;;;;;;;;;
01.07.2024;14:07;A 77;1;1;5;8;37;1;12;2;3;1;1;0;0;0;0;;;;;;;;;;;;;;
01.07.2024;14:06;A 77;1;4;19;3;65;2;20;0;0;0;0;1;1;1;1;;;;;;;;;;;;;;
01.07.2024;14:05;A 77;1;1;6;2;6;0;0;0;0;0;0;0;0;0;0;;;;;;;;;;;;;;
01.07.2024;14:04;A 77;1;3;15;6;25;0;0;0;0;0;0;0;0;0;0;;;;;;;;;;;;;;
01.07.2024;14:03;A 77;1;3;14;7;37;0;0;0;0;0;0;0;0;0;0;;;;;;;;;;;;;;
01.07.2024;14:02;A 77;1;3;12;2;51;0;0;0;0;0;0;0;0;1;1;;;;;;;;;;;;;;
01.07.2024;14:01;A 77;1;1;13;5;23;0;0;0;0;0;0;0;0;0;0;;;;;;;;;;;;;;
01.07.2024;14:00;A 77;1;8;28;3;28;0;0;0;0;0;0;0;0;0;0;;;;;;;;;;;;;;
01.07.2024;13:59;A 77;1;2;29;3;20;1;11;0;0;0;0;0;0;0;0;;;;;;;;;;;;;;
01.07.2024;13:58;A 77;1;2;27;1;79;0;4;0;0;0;0;1;1;1;1;;;;;;;;;;;;;;
01.07.2024;13:57;A 77;1;3;34;1;13;1;2;2;3;1;1;0;0;0;0;;;;;;;;;;;;;;
01.07.2024;13:56;A 77;1;4;52;3;31;0;0;0;0;0;0;0;0;0;0;;;;;;;;;;;;;;
01.07.2024;13:55;A 77;1;6;22;6;38;2;18;0;0;0;0;0;0;0;0;;;;;;;;;;;;;;
01.07.2024;13:54;A 77;1;3;16;1;4;0;0;0;0;0;0;0;0;0;0;;;;;;;;;;;;;;
01.07.2024;13:53;A 77;1;1;4;3;73;1;11;0;0;0;0;0;0;0;0;;;;;;;;;;;;;;
01.07.2024;13:52;A 77;1;5;17;5;33;0;0;1;1;0;0;0;0;0;0;;;;;;;;;;;;;;
01.07.2024;13:51;A 77;1;2;15;4;29;0;0;0;0;0;0;0;0;0;0;;;;;;;;;;;;;;
01.07.2024;13:50;A 77;1;2;8;2;40;0;0;0;0;0;0;0;0;0;0;;;;;;;;;;;;;;
01.07.2024;13:49;A 77;1;1;8;4;44;2;24;3;5;0;0;0;0;0;0;;;;;;;;;;;;;;
01.07.2024;13:48;A 77;1;2;7;3;27;0;5;1;1;0;0;0;0;0;0;;;;;;;;;;;;;;
01.07.2024;13:47;A 77;1;4;26;3;29;1;7;0;0;0;0;1;1;0;0;;;;;;;;;;;;;;
01.07.2024;13:46;A 77;1;4;17;2;12;0;0;0;0;0;0;0;0;0;0;;;;;;;;;;;;;;
01.07.2024;13:45;A 77;1;4;26;5;35;0;0;0;0;0;0;0;0;0;0;;;;;;;;;;;;;;
01.07.2024;13:44;A 77;1;1;2;4;33;0;0;0;0;0;0;0;0;0;0;;;;;;;;;;;;;;
01.07.2024;13:43;A 77;1;1;5;4;21;0;0;0;0;0;0;0;0;0;0;;;;;;;;;;;;;;
01.07.2024;13:42;A 77;1;2;10;2;6;1;13;0;0;0;0;0;0;0;0;;;;;;;;;;;;;;
01.07.2024;13:41;A 77;1;2;10;4;40;0;0;0;0;0;0;0;0;1;1;;;;;;;;;;;;;;
01.07.2024;13:40;A 77;1;8;42;7;44;0;0;0;0;0;0;0;0;0;0;;;;;;;;;;;;;;
01.07.2024;13:39;A 77;1;1;3;0;66;0;0;0;0;0;0;0;0;0;0;;;;;;;;;;;;;;
01.07.2024;13:38;A 77;1;0;0;3;45;1;11;0;0;1;1;0;0;0;0;;;;;;;;;;;;;;
01.07.2024;13:37;A 77;1;1;6;2;10;1;29;0;0;0;0;0;0;0;0;;;;;;;;;;;;;;
01.07.2024;13:36;A 77;1;5;39;5;66;0;0;0;0;0;0;0;0;0;0;;;;;;;;;;;;;;
01.07.2024;13:35;A 77;1;3;32;2;42;1;15;0;0;0;0;1;1;2;3;;;;;;;;;;;;;;
01.07.2024;13:34;A 77;1;3;17;1;60;1;11;0;0;0;0;1;1;3;5;;;;;;;;;;;;;;
01.07.2024;13:33;A 77;1;2;13;1;26;1;8;1;1;1;1;0;0;0;0;;;;;;;;;;;;;;
01.07.2024;13:32;A 77;1;3;12;3;15;0;0;0;0;0;0;0;0;0;0;;;;;;;;;;;;;;
01.07.2024;13:31;A 77;1;1;4;3;59;1;12;0;0;0;0;1;1;0;0;;;;;;;;;;;;;;
01.07.2024;13:30;A 77;1;3;23;1;2;1;14;0;0;0;0;0;0;0;0;;;;;;;;;;;;;;
01.07.2024;13:29;A 77;1;3;21;4;26;0;0;0;0;0;0;1;1;0;0;;;;;;;;;;;;;;
01.07.2024;13:28;A 77;1;1;5;4;36;0;0;0;0;0;0;0;0;0;0;;;;;;;;;;;;;;
01.07.2024;13:27;A 77;1;3;21;4;34;2;17;0;0;0;0;0;0;0;0;;;;;;;;;;;;;;
01.07.2024;13:26;A 77;1;0;0;6;26;0;0;0;0;0;0;0;0;0;0;;;;;;;;;;;;;;
01.07.2024;13:25;A 77;1;3;22;1;20;0;0;0;0;0;0;0;0;0;0;;;;;;;;;;;;;;
01.07.2024;13:24;A 77;1;1;9;1;13;1;6;0;0;0;0;0;0;0;0;;;;;;;;;;;;;;
01.07.2024;13:23;A 77;1;4;23;3;26;0;0;0;0;0;0;0;0;0;0;;;;;;;;;;;;;;
01.07.2024;13:22;A 77;1;4;20;0;0;1;23;1;1;0;0;0;0;0;0;;;;;;;;;;;;;;
01.07.2024;13:21;A 77;1;2;49;5;40;0;1;0;0;0;0;0;0;1;1;;;;;;;;;;;;;;
01.07.2024;13:20;A 77;1;3;26;2;32;2;10;0;0;0;0;0;0;1;1;;;;;;;;;;;;;;
01.07.2024;13:19;A 77;1;1;5;0;64;0;11;0;0;0;0;0;0;0;0;;;;;;;;;;;;;;
01.07.2024;13:18;A 77;1;0;26;1;37;1;0;0;0;1;1;0;0;0;0;;;;;;;;;;;;;;
01.07.2024;13:17;A 77;1;2;20;2;38;3;34;2;3;0;0;0;0;0;0;;;;;;;;;;;;;;
01.07.2024;13:16;A 77;1;2;8;2;11;0;0;1;1;1;1;0;0;0;0;;;;;;;;;;;;;;
01.07.2024;13:15;A 77;1;0;0;1;25;0;0;0;0;0;0;0;0;0;0;;;;;;;;;;;;;;
01.07.2024;13:14;A 77;1;4;14;3;30;1;6;0;0;0;0;0;0;0;0;;;;;;;;;;;;;;
01.07.2024;13:13;A 77;1;1;12;2;21;1;6;0;0;0;0;0;0;0;0;;;;;;;;;;;;;;
01.07.2024;13:12;A 77;1;7;34;4;17;0;0;0;0;1;1;0;0;0;0;;;;;;;;;;;;;;
01.07.2024;13:11;A 77;1;2;31;0;61;2;25;0;0;0;0;0;0;1;1;;;;;;;;;;;;;;
01.07.2024;13:10;A 77;1;2;22;2;54;0;13;1;1;0;0;0;0;0;0;;;;;;;;;;;;;;
01.07.2024;13:09;A 77;1;4;34;2;26;1;5;3;5;2;3;0;0;0;0;;;;;;;;;;;;;;
01.07.2024;13:08;A 77;1;1;4;4;71;2;16;2;3;0;0;0;0;0;0;;;;;;;;;;;;;;
01.07.2024;13:07;A 77;1;2;7;2;14;0;0;0;0;0;0;0;0;0;0;;;;;;;;;;;;;;
01.07.2024;13:06;A 77;1;3;20;0;0;0;0;0;0;0;0;0;0;0;0;;;;;;;;;;;;;;
01.07.2024;13:05;A 77;1;0;1;4;20;0;0;0;0;0;0;0;0;0;0;;;;;;;;;;;;;;
01.07.2024;13:04;A 77;1;1;2;3;31;0;0;0;0;0;0;0;0;0;0;;;;;;;;;;;;;;
01.07.2024;13:03;A 77;1;2;8;0;0;0;0;0;0;0;0;0;0;0;0;;;;;;;;;;;;;;
01.07.2024;13:02;A 77;1;2;15;3;13;0;0;0;0;0;0;0;0;0;0;;;;;;;;;;;;;;
01.07.2024;13:01;A 77;1;3;11;4;26;0;0;0;0;0;0;0;0;0;0;;;;;;;;;;;;;;
01.07.2024;13:00;A 77;1;5;34;2;16;0;0;0;0;0;0;0;0;0;0;;;;;;;;;;;;;;
01.07.2024;12:59;A 77;1;1;26;1;42;1;10;0;0;0;0;1;1;1;1;;;;;;;;;;;;;;
01.07.2024;12:58;A 77;1;3;16;1;15;1;12;1;1;2;3;0;0;0;0;;;;;;;;;;;;;;
01.07.2024;12:57;A 77;1;2;10;4;33;0;0;0;0;0;0;0;0;0;0;;;;;;;;;;;;;;
01.07.2024;12:56;A 77;1;1;9;5;33;0;0;0;0;0;0;0;0;0;0;;;;;;;;;;;;;;
01.07.2024;12:55;A 77;1;2;32;0;70;1;17;0;0;0;0;0;0;0;0;;;;;;;;;;;;;;
01.07.2024;12:54;A 77;1;1;4;2;1;0;0;0;0;0;0;0;0;1;1;;;;;;;;;;;;;;
01.07.2024;12:53;A 77;1;1;4;3;15;0;0;0;0;0;0;0;0;0;0;;;;;;;;;;;;;;
01.07.2024;12:52;A 77;1;3;17;1;16;0;0;0;0;0;0;0;0;0;0;;;;;;;;;;;;;;
01.07.2024;12:51;A 77;1;1;43;0;66;0;0;0;0;0;0;0;0;0;0;;;;;;;;;;;;;;
01.07.2024;12:50;A 77;1;7;48;2;17;2;15;0;0;1;1;0;0;0;0;;;;;;;;;;;;;;
01.07.2024;12:49;A 77;1;0;0;3;65;1;12;1;1;1;1;0;0;0;0;;;;;;;;;;;;;;
01.07.2024;12:48;A 77;1;3;11;3;28;0;12;0;0;0;0;0;0;0;0;;;;;;;;;;;;;;
01.07.2024;12:47;A 77;1;2;12;3;55;1;10;0;0;2;3;0;0;0;0;;;;;;;;;;;;;;
01.07.2024;12:46;A 77;1;2;30;1;42;2;26;0;0;0;0;0;0;1;1;;;;;;;;;;;;;;
01.07.2024;12:45;A 77;1;6;41;2;38;1;9;0;0;0;0;0;0;0;0;;;;;;;;;;;;;;
01.07.2024;12:44;A 77;1;2;3;4;41;0;0;0;0;0;0;1;1;0;0;;;;;;;;;;;;;;
01.07.2024;12:43;A 77;1;1;4;1;13;0;0;0;0;0;0;0;0;0;0;;;;;;;;;;;;;;
01.07.2024;12:42;A 77;1;1;5;1;39;2;14;0;0;0;0;0;0;0;0;;;;;;;;;;;;;;
01.07.2024;12:41;A 77;1;2;8;4;72;1;10;0;0;0;0;1;1;0;0;;;;;;;;;;;;;;
01.07.2024;12:40;A 77;1;1;30;3;51;0;11;0;0;1;1;0;0;0;0;;;;;;;;;;;;;;
01.07.2024;12:39;A 77;1;3;38;3;11;1;19;1;1;2;3;0;0;0;0;;;;;;;;;;;;;;
01.07.2024;12:38;A 77;1;5;16;1;49;1;15;0;0;0;0;0;0;5;9;;;;;;;;;;;;;;
01.07.2024;12:37;A 77;1;1;11;4;44;1;13;1;1;0;0;0;0;2;2;;;;;;;;;;;;;;
01.07.2024;12:36;A 77;1;1;11;0;66;0;0;0;0;0;0;0;0;0;0;;;;;;;;;;;;;;
01.07.2024;12:35;A 77;1;2;10;4;50;1;11;0;0;0;0;1;1;1;1;;;;;;;;;;;;;;
01.07.2024;12:34;A 77;1;3;13;1;62;0;0;0;0;0;0;0;0;0;0;;;;;;;;;;;;;;
01.07.2024;12:33;A 77;1;0;0;1;20;2;22;2;3;4;6;0;0;0;0;;;;;;;;;;;;;;
01.07.2024;12:32;A 77;1;2;18;3;40;3;17;0;0;0;0;1;1;0;0;;;;;;;;;;;;;;
01.07.2024;12:31;A 77;1;3;23;4;33;1;15;0;0;0;0;2;3;0;0;;;;;;;;;;;;;;
01.07.2024;12:30;A 77;1;1;7;4;63;1;22;0;0;0;0;0;0;0;0;;;;;;;;;;;;;;
01.07.2024;12:29;A 77;1;0;0;1;0;1;17;0;0;0;0;2;3;2;3;;;;;;;;;;;;;;
01.07.2024;12:28;A 77;1;3;21;5;53;1;14;0;0;0;0;1;1;1;1;;;;;;;;;;;;;;
01.07.2024;12:27;A 77;1;1;15;3;35;1;13;0;0;0;0;1;1;1;1;;;;;;;;;;;;;;
01.07.2024;12:26;A 77;1;0;0;0;0;1;11;0;0;0;0;0;0;0;0;;;;;;;;;;;;;;
01.07.2024;12:25;A 77;1;0;0;3;21;1;16;0;0;0;0;0;0;0;0;;;;;;;;;;;;;;
01.07.2024;12:24;A 77;1;4;50;4;25;1;4;0;0;0;0;0;0;1;1;;;;;;;;;;;;;;
01.07.2024;12:23;A 77;1;2;31;0;62;1;10;0;0;0;0;0;0;1;1;;;;;;;;;;;;;;
01.07.2024;12:22;A 77;1;1;11;1;32;2;20;0;0;0;0;4;6;7;11;;;;;;;;;;;;;;
01.07.2024;12:21;A 77;1;5;12;4;21;0;0;0;0;0;0;0;0;0;0;;;;;;;;;;;;;;
01.07.2024;12:20;A 77;1;2;15;1;14;1;12;0;0;0;0;0;0;0;0;;;;;;;;;;;;;;
01.07.2024;12:19;A 77;1;1;4;0;10;1;11;0;0;0;0;0;0;0;0;;;;;;;;;;;;;;
01.07.2024;12:18;A 77;1;0;0;4;45;1;25;0;0;0;0;0;0;0;0;;;;;;;;;;;;;;
01.07.2024;12:17;A 77;1;1;8;2;59;1;16;0;0;2;3;1;1;0;0;;;;;;;;;;;;;;
01.07.2024;12:16;A 77;1;3;22;3;25;0;0;0;0;0;0;0;0;0;0;;;;;;;;;;;;;;
01.07.2024;12:15;A 77;1;3;13;3;27;1;11;0;0;0;0;0;0;0;0;;;;;;;;;;;;;;
01.07.2024;12:14;A 77;1;1;5;2;13;0;0;0;0;0;0;0;0;0;0;;;;;;;;;;;;;;
01.07.2024;12:13;A 77;1;4;22;2;27;1;13;0;0;0;0;0;0;0;0;;;;;;;;;;;;;;
01.07.2024;12:12;A 77;1;3;23;3;34;0;0;0;0;0;0;0;0;0;0;;;;;;;;;;;;;;
01.07.2024;12:11;A 77;1;2;8;2;55;1;15;1;1;0;0;0;0;0;0;;;;;;;;;;;;;;
01.07.2024;12:10;A 77;1;4;24;3;25;0;0;0;0;0;0;0;0;0;0;;;;;;;;;;;;;;
01.07.2024;12:09;A 77;1;3;15;4;40;0;0;0;0;0;0;0;0;0;0;;;;;;;;;;;;;;
01.07.2024;12:08;A 77;1;3;24;4;56;3;23;3;5;8;13;0;0;0;0;;;;;;;;;;;;;;
01.07.2024;12:07;A 77;1;3;17;0;1;1;13;0;0;0;0;0;0;0;0;;;;;;;;;;;;;;
01.07.2024;12:06;A 77;1;4;12;1;46;0;0;0;0;0;0;1;1;0;0;;;;;;;;;;;;;;
01.07.2024;12:05;A 77;1;2;14;2;53;2;17;0;0;0;0;0;0;0;0;;;;;;;;;;;;;;
01.07.2024;12:04;A 77;1;3;34;1;7;0;0;0;0;0;0;0;0;1;1;;;;;;;;;;;;;;
01.07.2024;12:03;A 77;1;2;19;2;74;0;14;0;0;0;0;0;0;0;0;;;;;;;;;;;;;;
01.07.2024;12:02;A 77;1;2;8;4;8;2;13;0;0;0;0;1;1;1;1;;;;;;;;;;;;;;
01.07.2024;12:01;A 77;1;1;8;3;23;1;9;0;0;0;0;0;0;0;0;;;;;;;;;;;;;;
01.07.2024;12:00;A 77;1;2;12;3;27;0;0;0;0;0;0;0;0;1;1;;;;;;;;;;;;;;
01.07.2024;11:59;A 77;1;4;23;1;10;0;0;0;0;0;0;0;0;0;0;;;;;;;;;;;;;;
01.07.2024;11:58;A 77;1;0;0;4;58;0;0;0;0;0;0;0;0;0;0;;;;;;;;;;;;;;
01.07.2024;11:57;A 77;1;1;7;0;0;0;0;0;0;0;0;0;0;0;0;;;;;;;;;;;;;;
01.07.2024;11:56;A 77;1;4;29;2;12;1;9;0;0;0;0;0;0;0;0;;;;;;;;;;;;;;
01.07.2024;11:55;A 77;1;3;20;0;10;1;11;0;0;0;0;0;0;0;0;;;;;;;;;;;;;;
01.07.2024;11:54;A 77;1;4;21;2;10;0;0;0;0;0;0;0;0;0;0;;;;;;;;;;;;;;
01.07.2024;11:53;A 77;1;4;18;4;25;0;0;0;0;0;0;0;0;0;0;;;;;;;;;;;;;;
01.07.2024;11:52;A 77;1;3;22;4;29;0;0;0;0;0;0;0;0;0;0;;;;;;;;;;;;;;
01.07.2024;11:51;A 77;1;3;23;4;26;0;0;0;0;0;0;0;0;0;0;;;;;;;;;;;;;;
01.07.2024;11:50;A 77;1;2;6;2;49;1;14;0;0;0;0;0;0;1;1;;;;;;;;;;;;;;
01.07.2024;11:49;A 77;1;3;14;0;0;0;0;0;0;0;0;0;0;0;0;;;;;;;;;;;;;;
01.07.2024;11:48;A 77;1;2;20;1;65;1;11;0;0;0;0;1;1;1;1;;;;;;;;;;;;;;
01.07.2024;11:47;A 77;1;1;5;5;42;0;0;0;0;0;0;0;0;0;0;;;;;;;;;;;;;;
01.07.2024;11:46;A 77;1;3;18;2;7;0;0;0;0;0;0;0;0;0;0;;;;;;;;;;;;;;
01.07.2024;11:45;A 77;1;2;16;5;39;0;0;0;0;0;0;0;0;0;0;;;;;;;;;;;;;;
01.07.2024;11:44;A 77;1;2;7;3;17;0;0;0;0;0;0;0;0;0;0;;;;;;;;;;;;;;
01.07.2024;11:43;A 77;1;2;16;2;36;0;0;0;0;0;0;0;0;0;0;;;;;;;;;;;;;;
01.07.2024;11:42;A 77;1;6;21;0;0;1;11;1;1;0;0;0;0;0;0;;;;;;;;;;;;;;
01.07.2024;11:41;A 77;1;1;8;1;16;0;0;0;0;0;0;0;0;0;0;;;;;;;;;;;;;;
01.07.2024;11:40;A 77;1;3;19;6;40;0;0;0;0;0;0;0;0;0;0;;;;;;;;;;;;;;
01.07.2024;11:39;A 77;1;5;43;1;6;0;0;0;0;0;0;0;0;0;0;;;;;;;;;;;;;;
01.07.2024;11:38;A 77;1;3;49;1;4;1;16;0;0;0;0;0;0;0;0;;;;;;;;;;;;;;
01.07.2024;11:37;A 77;1;1;5;4;26;0;0;2;3;0;0;0;0;0;0;;;;;;;;;;;;;;
01.07.2024;11:36;A 77;1;3;17;4;26;0;0;0;0;0;0;0;0;0;0;;;;;;;;;;;;;;
01.07.2024;11:35;A 77;1;3;20;1;4;0;0;0;0;0;0;0;0;0;0;;;;;;;;;;;;;;
01.07.2024;11:34;A 77;1;3;9;3;16;0;0;0;0;0;0;0;0;0;0;;;;;;;;;;;;;;
01.07.2024;11:33;A 77;1;0;0;2;24;0;4;0;0;0;0;0;0;0;0;;;;;;;;;;;;;;
01.07.2024;11:32;A 77;1;2;8;3;23;1;14;0;0;0;0;0;0;0;0;;;;;;;;;;;;;;
01.07.2024;11:31;A 77;1;3;14;2;30;0;0;0;0;0;0;0;0;0;0;;;;;;;;;;;;;;
01.07.2024;11:30;A 77;1;1;8;4;4;1;12;0;0;0;0;0;0;0;0;;;;;;;;;;;;;;
01.07.2024;11:28;A 77;1;5;35;2;9;0;10;0;0;0;0;0;0;0;0;;;;;;;;;;;;;;
01.07.2024;11:27;A 77;1;3;23;3;34;1;6;0;0;1;1;0;0;0;0;;;;;;;;;;;;;;
01.07.2024;11:26;A 77;1;4;20;1;9;0;0;0;0;0;0;0;0;0;0;;;;;;;;;;;;;;
01.07.2024;11:25;A 77;1;2;27;1;1;0;0;0;0;0;0;0;0;0;0;;;;;;;;;;;;;;
01.07.2024;11:24;A 77;1;2;37;3;31;1;13;0;0;0;0;0;0;1;1;;;;;;;;;;;;;;
01.07.2024;11:23;A 77;1;0;0;4;74;1;18;2;3;2;3;0;0;0;0;;;;;;;;;;;;;;
01.07.2024;11:22;A 77;1;1;3;4;18;0;0;0;0;0;0;0;0;0;0;;;;;;;;;;;;;;
01.07.2024;11:21;A 77;1;2;43;4;52;0;8;0;0;0;0;0;0;0;0;;;;;;;;;;;;;;
01.07.2024;11:20;A 77;1;3;41;5;17;1;4;0;0;1;1;0;0;0;0;;;;;;;;;;;;;;
01.07.2024;11:19;A 77;1;0;0;2;3;1;12;0;0;0;0;0;0;0;0;;;;;;;;;;;;;;
01.07.2024;11:18;A 77;1;1;5;3;13;1;11;0;0;0;0;0;0;0;0;;;;;;;;;;;;;;
01.07.2024;11:17;A 77;1;2;12;3;12;1;11;0;0;0;0;0;0;0;0;;;;;;;;;;;;;;
01.07.2024;11:16;A 77;1;3;33;14;36;0;0;0;0;0;0;0;0;0;0;;;;;;;;;;;;;;
01.07.2024;11:15;A 77;1;3;27;12;27;0;0;0;0;0;0;0;0;0;0;;;;;;;;;;;;;;
01.07.2024;11:14;A 77;1;4;53;1;64;1;15;1;1;0;0;0;0;0;0;;;;;;;;;;;;;;
01.07.2024;11:13;A 77;1;1;3;13;38;1;7;1;1;0;0;0;0;0;0;;;;;;;;;;;;;;
01.07.2024;11:12;A 77;1;2;19;9;23;0;0;0;0;0;0;0;0;0;0;;;;;;;;;;;;;;
01.07.2024;11:11;A 77;1;1;6;1;3;1;14;0;0;0;0;0;0;0;0;;;;;;;;;;;;;;
01.07.2024;11:10;A 77;1;6;20;0;0;0;0;0;0;0;0;1;1;1;1;;;;;;;;;;;;;;
01.07.2024;11:09;A 77;1;1;7;4;3;0;0;0;0;0;0;0;0;0;0;;;;;;;;;;;;;;
01.07.2024;11:08;A 77;1;0;0;8;11;0;0;0;0;0;0;0;0;0;0;;;;;;;;;;;;;;
01.07.2024;11:07;A 77;1;2;55;11;27;1;14;0;0;0;0;0;0;2;3;;;;;;;;;;;;;;
01.07.2024;11:06;A 77;1;2;10;9;10;0;14;0;0;0;0;0;0;0;0;;;;;;;;;;;;;;
01.07.2024;11:05;A 77;1;0;0;12;24;2;12;0;0;0;0;0;0;0;0;;;;;;;;;;;;;;
01.07.2024;11:04;A 77;1;2;6;5;28;1;11;0;0;0;0;0;0;1;1;;;;;;;;;;;;;;
01.07.2024;11:03;A 77;1;4;15;18;41;0;0;0;0;0;0;0;0;0;0;;;;;;;;;;;;;;
01.07.2024;11:02;A 77;1;1;5;11;17;1;5;0;0;0;0;0;0;1;1;;;;;;;;;;;;;;
01.07.2024;11:01;A 77;1;2;13;5;14;0;0;0;0;0;0;0;0;0;0;;;;;;;;;;;;;;
01.07.2024;11:00;A 77;1;4;21;3;5;0;0;0;0;0;0;0;0;0;0;;;;;;;;;;;;;;
01.07.2024;10:59;A 77;1;0;0;0;59;0;0;0;0;0;0;0;0;0;0;;;;;;;;;;;;;;
01.07.2024;10:58;A 77;1;0;0;0;100;1;9;0;0;0;0;0;0;0;0;;;;;;;;;;;;;;
01.07.2024;10:57;A 77;1;0;0;0;100;0;0;0;0;0;0;0;0;0;0;;;;;;;;;;;;;;
01.07.2024;10:56;A 77;1;1;13;0;100;0;0;0;0;0;0;0;0;0;0;;;;;;;;;;;;;;
01.07.2024;10:55;A 77;1;2;15;0;100;0;0;0;0;0;0;0;0;0;0;;;;;;;;;;;;;;
01.07.2024;10:54;A 77;1;4;25;0;100;0;10;0;0;0;0;0;0;0;0;;;;;;;;;;;;;;
01.07.2024;10:53;A 77;1;3;14;0;100;1;3;0;0;0;0;1;1;1;1;;;;;;;;;;;;;;
01.07.2024;10:52;A 77;1;1;8;0;100;2;12;0;0;0;0;0;0;0;0;;;;;;;;;;;;;;
01.07.2024;10:51;A 77;1;4;27;1;41;1;9;0;0;0;0;0;0;0;0;;;;;;;;;;;;;;
01.07.2024;10:50;A 77;1;5;63;3;37;5;42;0;0;0;0;0;0;0;0;;;;;;;;;;;;;;
01.07.2024;10:49;A 77;1;5;20;3;20;0;0;0;0;0;0;0;0;1;1;;;;;;;;;;;;;;
01.07.2024;10:48;A 77;1;1;5;3;11;1;15;0;0;0;0;0;0;0;0;;;;;;;;;;;;;;
01.07.2024;10:47;A 77;1;4;29;1;43;2;19;0;0;0;0;0;0;0;0;;;;;;;;;;;;;;
01.07.2024;10:46;A 77;1;2;12;2;6;0;0;2;3;0;0;0;0;0;0;;;;;;;;;;;;;;
01.07.2024;10:45;A 77;1;1;8;2;19;1;12;1;1;0;0;0;0;0;0;;;;;;;;;;;;;;
01.07.2024;10:44;A 77;1;2;11;3;37;1;15;1;1;1;1;0;0;0;0;;;;;;;;;;;;;;
01.07.2024;10:43;A 77;1;1;4;3;19;0;0;0;0;0;0;0;0;0;0;;;;;;;;;;;;;;
01.07.2024;10:42;A 77;1;2;14;1;5;0;0;0;0;0;0;0;0;0;0;;;;;;;;;;;;;;
01.07.2024;10:41;A 77;1;2;14;2;12;1;24;0;0;0;0;0;0;0;0;;;;;;;;;;;;;;
01.07.2024;10:40;A 77;1;1;49;1;36;1;15;0;0;0;0;0;0;1;1;;;;;;;;;;;;;;
01.07.2024;10:39;A 77;1;4;18;2;10;0;0;1;1;0;0;0;0;0;0;;;;;;;;;;;;;;
01.07.2024;10:38;A 77;1;1;24;2;12;1;12;0;0;0;0;0;0;0;0;;;;;;;;;;;;;;
01.07.2024;10:37;A 77;1;4;27;2;16;0;0;0;0;0;0;0;0;0;0;;;;;;;;;;;;;;
01.07.2024;10:36;A 77;1;3;28;2;64;1;13;1;1;1;1;0;0;0;0;;;;;;;;;;;;;;
01.07.2024;10:35;A 77;1;1;13;1;9;0;0;0;0;0;0;0;0;0;0;;;;;;;;;;;;;;
01.07.2024;10:34;A 77;1;2;10;0;0;1;6;0;0;0;0;0;0;0;0;;;;;;;;;;;;;;
01.07.2024;10:33;A 77;1;1;4;3;13;0;0;0;0;0;0;0;0;0;0;;;;;;;;;;;;;;
01.07.2024;10:32;A 77;1;1;4;2;18;0;0;0;0;0;0;0;0;0;0;;;;;;;;;;;;;;
01.07.2024;10:31;A 77;1;2;17;1;5;0;0;0;0;0;0;0;0;0;0;;;;;;;;;;;;;;
01.07.2024;10:30;A 77;1;1;5;2;15;0;0;0;0;0;0;0;0;0;0;;;;;;;;;;;;;;
01.07.2024;10:29;A 77;1;0;0;1;3;0;0;0;0;0;0;0;0;0;0;;;;;;;;;;;;;;
01.07.2024;10:28;A 77;1;2;8;3;14;0;0;0;0;0;0;0;0;0;0;;;;;;;;;;;;;;
01.07.2024;10:27;A 77;1;5;25;2;17;0;0;0;0;0;0;0;0;0;0;;;;;;;;;;;;;;
01.07.2024;10:26;A 77;1;2;52;2;91;0;0;0;0;0;0;0;0;0;0;;;;;;;;;;;;;;
01.07.2024;10:25;A 77;1;2;10;2;10;1;12;0;0;1;1;0;0;0;0;;;;;;;;;;;;;;
01.07.2024;10:24;A 77;1;1;4;2;21;1;2;0;0;0;0;0;0;1;1;;;;;;;;;;;;;;
01.07.2024;10:23;A 77;1;1;13;1;37;1;26;0;0;0;0;0;0;0;0;;;;;;;;;;;;;;
01.07.2024;10:22;A 77;1;3;30;1;11;1;0;0;0;0;0;0;0;1;1;;;;;;;;;;;;;;
01.07.2024;10:21;A 77;1;4;17;3;22;1;9;0;0;0;0;0;0;0;0;;;;;;;;;;;;;;
01.07.2024;10:20;A 77;1;2;26;2;74;1;15;0;0;0;0;0;0;0;0;;;;;;;;;;;;;;
01.07.2024;10:19;A 77;1;2;23;2;79;1;5;0;0;0;0;0;0;1;1;;;;;;;;;;;;;;
01.07.2024;10:18;A 77;1;4;21;1;26;1;8;0;0;0;0;0;0;1;1;;;;;;;;;;;;;;
01.07.2024;10:17;A 77;1;2;13;2;11;3;26;0;0;0;0;0;0;0;0;;;;;;;;;;;;;;
01.07.2024;10:16;A 77;1;0;4;1;31;0;0;0;0;0;0;0;0;0;0;;;;;;;;;;;;;;
01.07.2024;10:15;A 77;1;1;4;4;22;0;0;0;0;0;0;0;0;0;0;;;;;;;;;;;;;;
01.07.2024;10:14;A 77;1;2;21;3;49;0;14;0;0;0;0;0;0;0;0;;;;;;;;;;;;;;
01.07.2024;10:13;A 77;1;1;6;4;19;1;0;1;1;0;0;0;0;0;0;;;;;;;;;;;;;;
01.07.2024;10:12;A 77;1;2;10;4;30;0;0;0;0;0;0;0;0;0;0;;;;;;;;;;;;;;
01.07.2024;10:11;A 77;1;3;16;1;48;0;0;0;0;0;0;0;0;0;0;;;;;;;;;;;;;;
01.07.2024;10:10;A 77;1;0;4;2;59;2;25;0;0;1;1;1;1;1;1;;;;;;;;;;;;;;
01.07.2024;10:09;A 77;1;5;21;4;27;0;0;0;0;0;0;1;1;1;1;;;;;;;;;;;;;;
01.07.2024;10:08;A 77;1;1;4;1;4;0;0;0;0;0;0;0;0;0;0;;;;;;;;;;;;;;
01.07.2024;10:07;A 77;1;3;31;1;6;0;0;0;0;0;0;0;0;0;0;;;;;;;;;;;;;;
01.07.2024;10:06;A 77;1;5;35;5;21;0;0;0;0;0;0;0;0;0;0;;;;;;;;;;;;;;
01.07.2024;10:05;A 77;1;2;15;3;26;0;0;0;0;0;0;0;0;0;0;;;;;;;;;;;;;;
01.07.2024;10:04;A 77;1;1;6;2;20;0;0;0;0;0;0;0;0;0;0;;;;;;;;;;;;;;
01.07.2024;10:03;A 77;1;6;44;3;22;0;0;0;0;0;0;0;0;0;0;;;;;;;;;;;;;;
01.07.2024;10:02;A 77;1;3;22;3;14;0;0;0;0;0;0;0;0;0;0;;;;;;;;;;;;;;
01.07.2024;10:01;A 77;1;3;15;7;41;0;10;0;0;0;0;0;0;0;0;;;;;;;;;;;;;;
01.07.2024;10:00;A 77;1;7;16;5;39;1;1;0;0;0;0;0;0;0;0;;;;;;;;;;;;;;
01.07.2024;09:59;A 77;1;2;8;1;26;0;0;0;0;0;0;0;0;0;0;;;;;;;;;;;;;;
01.07.2024;09:58;A 77;1;1;4;0;0;0;0;0;0;0;0;0;0;0;0;;;;;;;;;;;;;;
01.07.2024;09:57;A 77;1;4;32;4;24;0;0;0;0;0;0;0;0;0;0;;;;;;;;;;;;;;
01.07.2024;09:56;A 77;1;2;25;2;24;0;0;0;0;0;0;0;0;0;0;;;;;;;;;;;;;;
01.07.2024;09:55;A 77;1;1;3;2;20;1;14;0;0;0;0;0;0;0;0;;;;;;;;;;;;;;
01.07.2024;09:54;A 77;1;2;20;2;15;1;9;0;0;0;0;0;0;1;1;;;;;;;;;;;;;;
01.07.2024;09:53;A 77;1;3;16;2;25;0;0;2;3;0;0;0;0;0;0;;;;;;;;;;;;;;
01.07.2024;09:52;A 77;1;3;22;3;14;0;0;0;0;0;0;0;0;0;0;;;;;;;;;;;;;;
01.07.2024;09:51;A 77;1;3;51;2;75;2;22;0;0;0;0;0;0;0;0;;;;;;;;;;;;;;
01.07.2024;09:50;A 77;1;4;21;0;3;0;0;0;0;0;0;1;1;0;0;;;;;;;;;;;;;;
01.07.2024;09:49;A 77;1;0;0;2;25;0;0;0;0;0;0;0;0;0;0;;;;;;;;;;;;;;
01.07.2024;09:48;A 77;1;3;15;2;9;1;15;0;0;0;0;0;0;0;0;;;;;;;;;;;;;;
01.07.2024;09:47;A 77;1;4;47;1;7;1;15;0;0;0;0;0;0;1;1;;;;;;;;;;;;;;
01.07.2024;09:46;A 77;1;2;26;0;30;1;19;1;1;1;1;0;0;0;0;;;;;;;;;;;;;;
01.07.2024;09:45;A 77;1;3;17;3;47;2;22;0;0;0;0;4;6;0;0;;;;;;;;;;;;;;
01.07.2024;09:44;A 77;1;3;25;1;16;1;16;0;0;0;0;0;0;0;0;;;;;;;;;;;;;;
01.07.2024;09:43;A 77;1;3;16;7;46;0;0;0;0;0;0;0;0;0;0;;;;;;;;;;;;;;
01.07.2024;09:42;A 77;1;1;2;1;18;0;0;0;0;0;0;0;0;0;0;;;;;;;;;;;;;;
01.07.2024;09:41;A 77;1;6;29;2;40;1;15;0;0;1;1;0;0;0;0;;;;;;;;;;;;;;
01.07.2024;09:40;A 77;1;2;10;4;49;0;0;0;0;0;0;0;0;0;0;;;;;;;;;;;;;;
01.07.2024;09:39;A 77;1;1;4;0;3;0;0;0;0;0;0;0;0;0;0;;;;;;;;;;;;;;
01.07.2024;09:38;A 77;1;4;27;2;9;0;0;0;0;0;0;0;0;0;0;;;;;;;;;;;;;;
01.07.2024;09:37;A 77;1;4;25;2;11;0;0;0;0;0;0;0;0;0;0;;;;;;;;;;;;;;
01.07.2024;09:36;A 77;1;1;14;3;37;1;14;0;0;0;0;0;0;0;0;;;;;;;;;;;;;;
01.07.2024;09:35;A 77;1;3;16;4;18;1;8;0;0;0;0;0;0;0;0;;;;;;;;;;;;;;
01.07.2024;09:34;A 77;1;3;13;2;10;0;0;0;0;0;0;0;0;0;0;;;;;;;;;;;;;;
01.07.2024;09:33;A 77;1;0;0;5;28;0;0;0;0;0;0;0;0;0;0;;;;;;;;;;;;;;
01.07.2024;09:32;A 77;1;1;4;1;16;0;0;0;0;0;0;0;0;0;0;;;;;;;;;;;;;;
01.07.2024;09:31;A 77;1;2;12;3;18;0;0;0;0;0;0;0;0;0;0;;;;;;;;;;;;;;
01.07.2024;09:30;A 77;1;2;14;3;17;3;27;0;0;0;0;1;1;0;0;;;;;;;;;;;;;;
01.07.2024;09:29;A 77;1;0;0;2;11;0;0;0;0;0;0;0;0;0;0;;;;;;;;;;;;;;
01.07.2024;09:28;A 77;1;3;18;5;26;0;0;0;0;0;0;0;0;0;0;;;;;;;;;;;;;;
01.07.2024;09:27;A 77;1;2;45;1;5;0;0;0;0;0;0;0;0;0;0;;;;;;;;;;;;;;
01.07.2024;09:26;A 77;1;1;11;3;29;0;0;0;0;0;0;0;0;0;0;;;;;;;;;;;;;;
01.07.2024;09:25;A 77;1;1;5;1;26;0;0;0;0;0;0;0;0;0;0;;;;;;;;;;;;;;
01.07.2024;09:24;A 77;1;2;9;1;6;0;0;0;0;0;0;0;0;0;0;;;;;;;;;;;;;;
01.07.2024;09:23;A 77;1;1;7;3;19;0;0;0;0;0;0;0;0;0;0;;;;;;;;;;;;;;
01.07.2024;09:22;A 77;1;5;64;2;74;0;0;0;0;0;0;0;0;0;0;;;;;;;;;;;;;;
01.07.2024;09:21;A 77;1;1;12;1;4;0;0;0;0;0;0;0;0;1;1;;;;;;;;;;;;;;
01.07.2024;09:20;A 77;1;2;15;1;4;0;0;0;0;0;0;0;0;0;0;;;;;;;;;;;;;;
01.07.2024;09:19;A 77;1;5;17;0;4;0;0;0;0;0;0;0;0;0;0;;;;;;;;;;;;;;
01.07.2024;09:18;A 77;1;2;30;2;24;2;18;0;0;0;0;0;0;1;1;;;;;;;;;;;;;;
01.07.2024;09:17;A 77;1;3;15;6;28;0;0;0;0;0;0;0;0;0;0;;;;;;;;;;;;;;
01.07.2024;09:16;A 77;1;4;23;1;88;1;13;0;0;0;0;0;0;1;1;;;;;;;;;;;;;;
01.07.2024;09:15;A 77;1;4;45;0;100;1;18;0;0;0;0;0;0;0;0;;;;;;;;;;;;;;
01.07.2024;09:14;A 77;1;1;8;0;100;0;0;0;0;1;1;0;0;0;0;;;;;;;;;;;;;;
01.07.2024;09:13;A 77;1;3;21;5;95;0;0;0;0;0;0;0;0;0;0;;;;;;;;;;;;;;
01.07.2024;09:12;A 77;1;3;19;4;20;0;0;0;0;0;0;0;0;0;0;;;;;;;;;;;;;;
01.07.2024;09:11;A 77;1;1;9;4;19;0;0;0;0;0;0;0;0;0;0;;;;;;;;;;;;;;
01.07.2024;09:10;A 77;1;1;8;3;18;0;0;0;0;0;0;0;0;0;0;;;;;;;;;;;;;;
01.07.2024;09:09;A 77;1;4;19;6;31;0;0;0;0;0;0;0;0;0;0;;;;;;;;;;;;;;
01.07.2024;09:08;A 77;1;4;16;4;36;0;0;0;0;0;0;0;0;0;0;;;;;;;;;;;;;;
01.07.2024;09:07;A 77;1;5;31;2;6;0;0;0;0;0;0;0;0;0;0;;;;;;;;;;;;;;
01.07.2024;09:06;A 77;1;2;9;3;23;1;5;0;0;0;0;0;0;0;0;;;;;;;;;;;;;;
01.07.2024;09:05;A 77;1;6;28;3;22;1;10;0;0;0;0;0;0;0;0;;;;;;;;;;;;;;
01.07.2024;09:04;A 77;1;2;12;1;22;1;10;0;0;0;0;0;0;0;0;;;;;;;;;;;;;;
01.07.2024;09:03;A 77;1;1;5;5;26;0;0;0;0;0;0;0;0;0;0;;;;;;;;;;;;;;
01.07.2024;09:02;A 77;1;1;4;0;0;0;0;0;0;0;0;0;0;0;0;;;;;;;;;;;;;;
01.07.2024;09:01;A 77;1;2;13;3;19;0;0;0;0;0;0;0;0;0;0;;;;;;;;;;;;;;
01.07.2024;09:00;A 77;1;2;13;1;10;0;0;0;0;0;0;0;0;0;0;;;;;;;;;;;;;;
01.07.2024;08:59;A 77;1;2;11;1;4;0;0;0;0;0;0;0;0;0;0;;;;;;;;;;;;;;
01.07.2024;08:58;A 77;1;2;9;4;31;0;0;0;0;0;0;0;0;0;0;;;;;;;;;;;;;;
01.07.2024;08:57;A 77;1;1;4;3;21;1;2;0;0;0;0;0;0;0;0;;;;;;;;;;;;;;
01.07.2024;08:56;A 77;1;7;35;5;43;1;21;1;1;0;0;0;0;0;0;;;;;;;;;;;;;;
01.07.2024;08:55;A 77;1;3;17;4;38;1;16;0;0;0;0;1;1;0;0;;;;;;;;;;;;;;
01.07.2024;08:54;A 77;1;1;3;2;7;0;0;0;0;0;0;0;0;0;0;;;;;;;;;;;;;;
01.07.2024;08:53;A 77;1;3;10;2;45;1;12;0;0;0;0;1;1;0;0;;;;;;;;;;;;;;
01.07.2024;08:52;A 77;1;5;26;2;10;0;0;0;0;0;0;0;0;0;0;;;;;;;;;;;;;;
01.07.2024;08:51;A 77;1;4;24;2;30;0;0;0;0;0;0;0;0;0;0;;;;;;;;;;;;;;
01.07.2024;08:50;A 77;1;5;23;5;32;0;0;0;0;0;0;0;0;0;0;;;;;;;;;;;;;;
01.07.2024;08:49;A 77;1;4;23;1;6;0;0;0;0;0;0;0;0;0;0;;;;;;;;;;;;;;
01.07.2024;08:48;A 77;1;2;6;1;5;0;0;0;0;0;0;0;0;0;0;;;;;;;;;;;;;;
01.07.2024;08:47;A 77;1;1;4;3;17;0;0;0;0;0;0;0;0;0;0;;;;;;;;;;;;;;
01.07.2024;08:46;A 77;1;2;16;2;14;0;0;0;0;0;0;0;0;0;0;;;;;;;;;;;;;;
01.07.2024;08:45;A 77;1;6;30;1;4;0;0;0;0;0;0;0;0;0;0;;;;;;;;;;;;;;
01.07.2024;08:44;A 77;1;4;14;2;23;1;11;0;0;0;0;0;0;0;0;;;;;;;;;;;;;;
01.07.2024;08:43;A 77;1;5;39;2;10;0;0;0;0;0;0;0;0;0;0;;;;;;;;;;;;;;
01.07.2024;08:42;A 77;1;5;33;6;41;1;2;0;0;0;0;0;0;0;0;;;;;;;;;;;;;;
01.07.2024;08:41;A 77;1;4;14;2;26;0;0;0;0;0;0;0;0;0;0;;;;;;;;;;;;;;
01.07.2024;08:40;A 77;1;4;25;2;14;0;0;0;0;0;0;0;0;0;0;;;;;;;;;;;;;;
01.07.2024;08:39;A 77;1;1;5;2;16;0;0;0;0;0;0;0;0;0;0;;;;;;;;;;;;;;
01.07.2024;08:38;A 77;1;2;10;4;32;0;0;0;0;0;0;0;0;0;0;;;;;;;;;;;;;;
01.07.2024;08:37;A 77;1;2;34;3;24;0;0;0;0;0;0;0;0;0;0;;;;;;;;;;;;;;
01.07.2024;08:36;A 77;1;1;8;0;54;0;5;0;0;0;0;0;0;0;0;;;;;;;;;;;;;;
01.07.2024;08:35;A 77;1;3;23;4;36;1;5;0;0;0;0;0;0;1;1;;;;;;;;;;;;;;
01.07.2024;08:34;A 77;1;0;0;2;30;1;17;0;0;0;0;1;1;1;1;;;;;;;;;;;;;;
01.07.2024;08:33;A 77;1;0;0;6;48;0;0;0;0;0;0;0;0;0;0;;;;;;;;;;;;;;
01.07.2024;08:32;A 77;1;3;16;2;15;1;10;0;0;0;0;0;0;0;0;;;;;;;;;;;;;;
01.07.2024;08:31;A 77;1;4;26;3;27;0;0;0;0;0;0;0;0;0;0;;;;;;;;;;;;;;
01.07.2024;08:30;A 77;1;2;6;3;28;0;0;1;1;0;0;0;0;0;0;;;;;;;;;;;;;;
01.07.2024;08:29;A 77;1;1;6;2;28;0;0;0;0;0;0;0;0;0;0;;;;;;;;;;;;;;
01.07.2024;08:28;A 77;1;3;13;1;20;0;0;0;0;0;0;0;0;0;0;;;;;;;;;;;;;;
01.07.2024;08:27;A 77;1;5;23;4;14;0;0;0;0;0;0;0;0;0;0;;;;;;;;;;;;;;
01.07.2024;08:26;A 77;1;3;31;2;22;0;0;0;0;0;0;0;0;0;0;;;;;;;;;;;;;;
01.07.2024;08:25;A 77;1;0;0;3;61;0;0;0;0;0;0;0;0;0;0;;;;;;;;;;;;;;
01.07.2024;08:24;A 77;1;2;11;2;23;1;12;0;0;0;0;0;0;1;1;;;;;;;;;;;;;;
01.07.2024;08:23;A 77;1;2;12;4;34;0;0;0;0;0;0;0;0;0;0;;;;;;;;;;;;;;
01.07.2024;08:22;A 77;1;2;19;3;50;2;13;0;0;0;0;0;0;0;0;;;;;;;;;;;;;;
01.07.2024;08:21;A 77;1;2;21;5;30;0;0;0;0;0;0;0;0;1;1;;;;;;;;;;;;;;
01.07.2024;08:20;A 77;1;1;13;3;17;3;24;0;0;0;0;2;3;2;3;;;;;;;;;;;;;;
01.07.2024;08:19;A 77;1;3;20;2;19;0;0;0;0;0;0;0;0;1;1;;;;;;;;;;;;;;
01.07.2024;08:18;A 77;1;3;22;2;18;2;16;0;0;0;0;0;0;0;0;;;;;;;;;;;;;;
01.07.2024;08:17;A 77;1;6;19;2;25;0;0;0;0;0;0;0;0;0;0;;;;;;;;;;;;;;
01.07.2024;08:16;A 77;1;4;27;2;22;0;0;0;0;0;0;0;0;0;0;;;;;;;;;;;;;;
01.07.2024;08:15;A 77;1;3;19;3;7;0;0;0;0;0;0;0;0;0;0;;;;;;;;;;;;;;
01.07.2024;08:14;A 77;1;1;6;4;50;2;21;0;0;0;0;1;1;0;0;;;;;;;;;;;;;;
01.07.2024;08:13;A 77;1;0;8;3;16;0;0;0;0;0;0;0;0;0;0;;;;;;;;;;;;;;
01.07.2024;08:12;A 77;1;2;28;0;0;0;0;0;0;0;0;0;0;0;0;;;;;;;;;;;;;;
01.07.2024;08:11;A 77;1;3;25;2;36;0;0;0;0;0;0;0;0;0;0;;;;;;;;;;;;;;
01.07.2024;08:10;A 77;1;3;21;5;27;0;0;0;0;0;0;0;0;0;0;;;;;;;;;;;;;;
01.07.2024;08:09;A 77;1;4;18;2;18;0;0;0;0;0;0;0;0;0;0;;;;;;;;;;;;;;
01.07.2024;08:08;A 77;1;5;43;2;21;0;0;0;0;0;0;0;0;0;0;;;;;;;;;;;;;;
01.07.2024;08:07;A 77;1;3;37;1;67;1;14;0;0;0;0;0;0;1;1;;;;;;;;;;;;;;
01.07.2024;08:06;A 77;1;3;19;1;10;2;20;0;0;0;0;0;0;1;1;;;;;;;;;;;;;;
01.07.2024;08:05;A 77;1;2;13;1;29;2;14;0;0;0;0;0;0;0;0;;;;;;;;;;;;;;
01.07.2024;08:04;A 77;1;3;16;1;16;0;0;0;0;0;0;0;0;0;0;;;;;;;;;;;;;;
01.07.2024;08:03;A 77;1;4;22;1;28;0;0;0;0;0;0;0;0;0;0;;;;;;;;;;;;;;
01.07.2024;08:02;A 77;1;2;11;1;37;1;9;0;0;0;0;0;0;0;0;;;;;;;;;;;;;;
01.07.2024;08:01;A 77;1;4;39;1;52;0;0;0;0;0;0;1;1;0;0;;;;;;;;;;;;;;
01.07.2024;08:00;A 77;1;1;6;0;0;0;0;0;0;0;0;0;0;0;0;;;;;;;;;;;;;;
01.07.2024;07:59;A 77;1;3;40;1;34;1;13;0;0;0;0;0;0;0;0;;;;;;;;;;;;;;
01.07.2024;07:58;A 77;1;0;0;1;13;0;0;0;0;1;1;0;0;0;0;;;;;;;;;;;;;;
01.07.2024;07:57;A 77;1;3;19;1;31;0;0;0;0;0;0;0;0;0;0;;;;;;;;;;;;;;
01.07.2024;07:56;A 77;1;0;20;2;43;1;16;0;0;1;1;0;0;1;1;;;;;;;;;;;;;;
01.07.2024;07:55;A 77;1;3;45;0;0;2;20;0;0;7;11;0;0;0;0;;;;;;;;;;;;;;
01.07.2024;07:54;A 77;1;2;20;4;11;1;22;0;0;0;0;0;0;0;0;;;;;;;;;;;;;;
01.07.2024;07:53;A 77;1;0;14;4;41;1;3;0;0;11;18;0;0;0;0;;;;;;;;;;;;;;
01.07.2024;07:52;A 77;1;6;56;1;14;1;8;1;1;0;0;0;0;0;0;;;;;;;;;;;;;;
01.07.2024;07:51;A 77;1;4;48;0;0;2;20;0;0;0;0;0;0;2;3;;;;;;;;;;;;;;
01.07.2024;07:50;A 77;1;2;62;1;54;1;16;0;0;1;1;0;0;0;0;;;;;;;;;;;;;;
01.07.2024;07:49;A 77;1;2;31;1;36;0;17;0;0;1;1;0;0;0;0;;;;;;;;;;;;;;
01.07.2024;07:48;A 77;1;2;21;0;21;1;5;1;1;1;1;0;0;0;0;;;;;;;;;;;;;;
01.07.2024;07:47;A 77;1;1;34;2;12;1;29;1;1;1;1;1;1;2;3;;;;;;;;;;;;;;
01.07.2024;07:46;A 77;1;3;31;2;55;1;27;0;0;2;3;0;0;0;0;;;;;;;;;;;;;;
01.07.2024;07:45;A 77;1;1;9;2;31;3;33;1;1;1;1;0;0;1;1;;;;;;;;;;;;;;
01.07.2024;07:44;A 77;1;1;5;1;38;1;15;1;1;1;1;1;1;3;5;;;;;;;;;;;;;;
01.07.2024;07:43;A 77;1;2;24;2;56;0;0;0;0;0;0;0;0;0;0;;;;;;;;;;;;;;
01.07.2024;07:42;A 77;1;3;16;2;10;1;16;0;0;0;0;0;0;0;0;;;;;;;;;;;;;;
01.07.2024;07:41;A 77;1;5;26;4;47;1;31;1;1;0;0;0;0;1;1;;;;;;;;;;;;;;
01.07.2024;07:40;A 77;1;6;32;1;61;0;0;0;0;0;0;0;0;2;3;;;;;;;;;;;;;;
01.07.2024;07:39;A 77;1;1;8;1;0;1;9;0;0;0;0;0;0;0;0;;;;;;;;;;;;;;
01.07.2024;07:38;A 77;1;2;54;4;42;0;4;0;0;0;0;1;1;5;8;;;;;;;;;;;;;;
01.07.2024;07:37;A 77;1;1;99;4;56;2;20;0;0;0;0;0;0;1;1;;;;;;;;;;;;;;
01.07.2024;07:36;A 77;1;4;50;1;9;1;17;1;1;0;0;0;0;2;3;;;;;;;;;;;;;;
01.07.2024;07:35;A 77;1;1;3;4;15;1;15;0;0;0;0;0;0;0;0;;;;;;;;;;;;;;
01.07.2024;07:34;A 77;1;4;52;1;71;1;21;0;0;0;0;0;0;0;0;;;;;;;;;;;;;;
01.07.2024;07:33;A 77;1;4;85;0;0;3;17;1;1;1;1;1;1;1;1;;;;;;;;;;;;;;
01.07.2024;07:32;A 77;1;2;19;3;8;1;8;0;0;0;0;0;0;2;3;;;;;;;;;;;;;;
01.07.2024;07:31;A 77;1;3;31;1;13;1;2;0;0;0;0;0;0;0;0;;;;;;;;;;;;;;
01.07.2024;07:30;A 77;1;3;15;4;14;1;11;0;0;0;0;0;0;0;0;;;;;;;;;;;;;;
01.07.2024;07:29;A 77;1;0;0;1;88;1;9;1;1;0;0;0;0;0;0;;;;;;;;;;;;;;
01.07.2024;07:28;A 77;1;2;8;2;60;2;33;0;0;0;0;0;0;1;1;;;;;;;;;;;;;;
01.07.2024;07:27;A 77;1;5;19;0;0;0;0;0;0;0;0;0;0;1;1;;;;;;;;;;;;;;
01.07.2024;07:26;A 77;1;1;4;2;9;0;0;0;0;0;0;0;0;0;0;;;;;;;;;;;;;;
01.07.2024;07:25;A 77;1;2;8;2;5;0;0;0;0;0;0;0;0;0;0;;;;;;;;;;;;;;
01.07.2024;07:24;A 77;1;2;5;0;0;0;0;0;0;0;0;0;0;0;0;;;;;;;;;;;;;;
01.07.2024;07:23;A 77;1;0;0;0;11;1;7;0;0;0;0;1;1;0;0;;;;;;;;;;;;;;
01.07.2024;07:22;A 77;1;2;15;2;75;1;14;0;0;0;0;0;0;0;0;;;;;;;;;;;;;;
01.07.2024;07:21;A 77;1;1;22;1;6;2;15;1;1;1;1;0;0;0;0;;;;;;;;;;;;;;
01.07.2024;07:20;A 77;1;3;14;2;11;0;0;0;0;0;0;1;1;0;0;;;;;;;;;;;;;;
01.07.2024;07:19;A 77;1;5;32;0;36;0;9;0;0;0;0;0;0;0;0;;;;;;;;;;;;;;
01.07.2024;07:18;A 77;1;0;66;3;28;1;7;1;1;1;1;0;0;0;0;;;;;;;;;;;;;;
01.07.2024;07:17;A 77;1;5;23;2;15;0;0;0;0;0;0;0;0;0;0;;;;;;;;;;;;;;
01.07.2024;07:16;A 77;1;0;0;1;4;0;0;0;0;0;0;0;0;0;0;;;;;;;;;;;;;;
01.07.2024;07:15;A 77;1;3;22;1;3;0;0;0;0;0;0;0;0;0;0;;;;;;;;;;;;;;
01.07.2024;07:14;A 77;1;0;0;1;13;0;0;0;0;0;0;0;0;0;0;;;;;;;;;;;;;;
01.07.2024;07:13;A 77;1;1;1;3;53;1;10;0;0;0;0;0;0;3;5;;;;;;;;;;;;;;
01.07.2024;07:12;A 77;1;2;17;2;9;0;0;0;0;0;0;0;0;0;0;;;;;;;;;;;;;;
01.07.2024;07:11;A 77;1;3;26;3;15;0;0;0;0;0;0;0;0;0;0;;;;;;;;;;;;;;
01.07.2024;07:10;A 77;1;0;0;2;12;0;0;0;0;0;0;0;0;0;0;;;;;;;;;;;;;;
01.07.2024;07:09;A 77;1;2;9;2;9;0;0;0;0;0;0;0;0;0;0;;;;;;;;;;;;;;
01.07.2024;07:08;A 77;1;3;17;4;32;1;3;0;0;0;0;0;0;0;0;;;;;;;;;;;;;;
01.07.2024;07:07;A 77;1;1;9;3;13;0;0;0;0;0;0;0;0;0;0;;;;;;;;;;;;;;
01.07.2024;07:06;A 77;1;5;21;1;2;0;0;0;0;0;0;0;0;0;0;;;;;;;;;;;;;;
01.07.2024;07:05;A 77;1;0;0;1;4;0;0;0;0;0;0;0;0;0;0;;;;;;;;;;;;;;
01.07.2024;07:04;A 77;1;1;16;0;0;1;14;0;0;0;0;2;3;0;0;;;;;;;;;;;;;;
01.07.2024;07:03;A 77;1;1;7;1;14;0;0;0;0;0;0;0;0;0;0;;;;;;;;;;;;;;
01.07.2024;07:02;A 77;1;2;9;4;11;0;0;0;0;0;0;0;0;0;0;;;;;;;;;;;;;;
01.07.2024;07:01;A 77;1;1;4;1;10;0;0;0;0;0;0;0;0;0;0;;;;;;;;;;;;;;
01.07.2024;07:00;A 77;1;0;0;1;9;0;0;0;0;0;0;0;0;0;0;;;;;;;;;;;;;;
01.07.2024;06:59;A 77;1;3;18;3;20;0;0;0;0;0;0;0;0;0;0;;;;;;;;;;;;;;
01.07.2024;06:58;A 77;1;0;0;1;9;3;6;0;0;0;0;0;0;0;0;;;;;;;;;;;;;;
01.07.2024;06:57;A 77;1;1;7;1;3;0;0;0;0;0;0;0;0;0;0;;;;;;;;;;;;;;
01.07.2024;06:56;A 77;1;2;13;3;12;0;0;0;0;0;0;0;0;0;0;;;;;;;;;;;;;;
01.07.2024;06:55;A 77;1;2;12;0;0;0;0;0;0;0;0;0;0;0;0;;;;;;;;;;;;;;
01.07.2024;06:54;A 77;1;2;11;1;4;0;0;0;0;0;0;0;0;0;0;;;;;;;;;;;;;;
01.07.2024;06:53;A 77;1;1;7;4;31;0;0;0;0;0;0;0;0;0;0;;;;;;;;;;;;;;
01.07.2024;06:52;A 77;1;4;14;1;55;0;0;0;0;0;0;0;0;0;0;;;;;;;;;;;;;;
01.07.2024;06:51;A 77;1;3;13;1;78;1;9;0;0;0;0;0;0;1;1;;;;;;;;;;;;;;
01.07.2024;06:50;A 77;1;1;8;1;17;2;14;0;0;0;0;1;1;0;0;;;;;;;;;;;;;;
01.07.2024;06:49;A 77;1;3;11;1;5;0;0;0;0;0;0;0;0;0;0;;;;;;;;;;;;;;
01.07.2024;06:48;A 77;1;2;11;0;0;0;7;0;0;0;0;0;0;0;0;;;;;;;;;;;;;;
01.07.2024;06:47;A 77;1;0;0;3;19;1;4;0;0;1;1;0;0;0;0;;;;;;;;;;;;;;
01.07.2024;06:46;A 77;1;0;1;0;0;1;11;0;0;0;0;0;0;0;0;;;;;;;;;;;;;;
01.07.2024;06:45;A 77;1;4;71;1;7;0;0;0;0;1;1;0;0;0;0;;;;;;;;;;;;;;
01.07.2024;06:44;A 77;1;0;0;1;6;0;0;0;0;0;0;0;0;0;0;;;;;;;;;;;;;;
01.07.2024;06:43;A 77;1;0;0;0;0;0;0;0;0;0;0;0;0;0;0;;;;;;;;;;;;;;
01.07.2024;06:42;A 77;1;2;9;3;13;0;0;0;0;0;0;0;0;0;0;;;;;;;;;;;;;;
01.07.2024;06:41;A 77;1;1;6;1;9;0;0;0;0;0;0;0;0;0;0;;;;;;;;;;;;;;
01.07.2024;06:40;A 77;1;2;11;0;10;0;0;0;0;0;0;0;0;0;0;;;;;;;;;;;;;;
01.07.2024;06:39;A 77;1;0;0;2;16;0;0;0;0;0;0;0;0;0;0;;;;;;;;;;;;;;
01.07.2024;06:38;A 77;1;2;11;3;27;1;8;0;0;0;0;0;0;0;0;;;;;;;;;;;;;;
01.07.2024;06:37;A 77;1;0;0;1;4;0;0;0;0;0;0;0;0;0;0;;;;;;;;;;;;;;
01.07.2024;06:36;A 77;1;0;0;0;0;0;0;0;0;0;0;0;0;0;0;;;;;;;;;;;;;;
01.07.2024;06:35;A 77;1;2;9;0;0;0;0;0;0;0;0;0;0;0;0;;;;;;;;;;;;;;
01.07.2024;06:34;A 77;1;1;5;1;4;0;0;0;0;0;0;0;0;0;0;;;;;;;;;;;;;;
01.07.2024;06:33;A 77;1;0;0;0;5;0;0;0;0;0;0;0;0;0;0;;;;;;;;;;;;;;
01.07.2024;06:32;A 77;1;2;14;1;1;0;0;0;0;0;0;0;0;0;0;;;;;;;;;;;;;;
01.07.2024;06:31;A 77;1;0;0;3;31;0;0;0;0;0;0;0;0;0;0;;;;;;;;;;;;;;
01.07.2024;06:30;A 77;1;1;15;0;0;0;0;0;0;0;0;0;0;0;0;;;;;;;;;;;;;;
01.07.2024;06:29;A 77;1;0;3;0;9;0;0;0;0;0;0;0;0;0;0;;;;;;;;;;;;;;
01.07.2024;06:28;A 77;1;2;7;1;0;0;0;0;0;0;0;0;0;0;0;;;;;;;;;;;;;;
01.07.2024;06:27;A 77;1;2;15;3;15;0;0;0;0;0;0;0;0;0;0;;;;;;;;;;;;;;
01.07.2024;06:26;A 77;1;1;3;1;10;0;0;0;0;0;0;0;0;0;0;;;;;;;;;;;;;;
01.07.2024;06:25;A 77;1;2;13;6;9;0;0;0;0;0;0;0;0;0;0;;;;;;;;;;;;;;
01.07.2024;06:24;A 77;1;1;4;0;0;0;0;0;0;0;0;0;0;0;0;;;;;;;;;;;;;;
01.07.2024;06:23;A 77;1;1;5;1;6;0;0;0;0;0;0;0;0;0;0;;;;;;;;;;;;;;
01.07.2024;06:22;A 77;1;1;4;2;12;0;0;0;0;0;0;0;0;0;0;;;;;;;;;;;;;;
01.07.2024;06:21;A 77;1;2;17;1;5;0;0;0;0;0;0;0;0;0;0;;;;;;;;;;;;;;
01.07.2024;06:20;A 77;1;2;9;1;5;0;0;0;0;0;0;0;0;0;0;;;;;;;;;;;;;;
01.07.2024;06:19;A 77;1;1;8;1;5;0;0;0;0;0;0;0;0;0;0;;;;;;;;;;;;;;
01.07.2024;06:18;A 77;1;0;0;0;0;0;0;0;0;0;0;0;0;0;0;;;;;;;;;;;;;;
01.07.2024;06:17;A 77;1;1;8;0;0;0;0;0;0;0;0;0;0;0;0;;;;;;;;;;;;;;
01.07.2024;06:16;A 77;1;0;0;2;11;0;0;0;0;0;0;0;0;0;0;;;;;;;;;;;;;;
01.07.2024;06:15;A 77;1;0;0;0;0;0;0;0;0;0;0;0;0;0;0;;;;;;;;;;;;;;
01.07.2024;06:14;A 77;1;1;3;2;12;0;0;0;0;0;0;0;0;0;0;;;;;;;;;;;;;;
01.07.2024;06:13;A 77;1;0;0;3;10;0;0;0;0;0;0;0;0;0;0;;;;;;;;;;;;;;
01.07.2024;06:12;A 77;1;1;4;1;5;0;0;0;0;0;0;0;0;0;0;;;;;;;;;;;;;;
01.07.2024;06:11;A 77;1;2;11;0;0;0;0;0;0;0;0;0;0;0;0;;;;;;;;;;;;;;
01.07.2024;06:10;A 77;1;0;0;1;6;0;0;0;0;0;0;0;0;0;0;;;;;;;;;;;;;;
01.07.2024;06:09;A 77;1;1;4;1;4;0;0;0;0;0;0;0;0;0;0;;;;;;;;;;;;;;
01.07.2024;06:08;A 77;1;1;3;2;4;0;0;0;0;0;0;0;0;0;0;;;;;;;;;;;;;;
01.07.2024;06:07;A 77;1;1;8;1;4;0;0;0;0;0;0;0;0;0;0;;;;;;;;;;;;;;
01.07.2024;06:06;A 77;1;1;7;2;9;0;0;0;0;0;0;0;0;0;0;;;;;;;;;;;;;;
01.07.2024;06:05;A 77;1;0;0;1;2;0;0;0;0;0;0;0;0;0;0;;;;;;;;;;;;;;
01.07.2024;06:04;A 77;1;0;0;0;0;1;5;0;0;0;0;0;0;0;0;;;;;;;;;;;;;;
01.07.2024;06:03;A 77;1;0;0;1;8;0;0;0;0;0;0;0;0;0;0;;;;;;;;;;;;;;
01.07.2024;06:02;A 77;1;0;0;2;11;0;0;0;0;0;0;0;0;0;0;;;;;;;;;;;;;;
01.07.2024;06:01;A 77;1;0;0;0;0;0;0;0;0;0;0;0;0;0;0;;;;;;;;;;;;;;
01.07.2024;06:00;A 77;1;0;0;2;9;0;0;0;0;0;0;0;0;0;0;;;;;;;;;;;;;;
01.07.2024;05:59;A 77;1;0;0;0;0;0;0;0;0;0;0;0;0;0;0;;;;;;;;;;;;;;
01.07.2024;05:58;A 77;1;0;0;0;0;0;0;0;0;0;0;0;0;0;0;;;;;;;;;;;;;;
01.07.2024;05:57;A 77;1;1;18;1;5;0;0;0;0;0;0;0;0;0;0;;;;;;;;;;;;;;
01.07.2024;05:56;A 77;1;3;13;1;5;0;0;0;0;0;0;0;0;0;0;;;;;;;;;;;;;;
01.07.2024;05:55;A 77;1;2;19;0;0;0;0;0;0;0;0;0;0;0;0;;;;;;;;;;;;;;
01.07.2024;05:54;A 77;1;1;4;1;6;0;0;0;0;0;0;0;0;0;0;;;;;;;;;;;;;;
01.07.2024;05:53;A 77;1;1;4;2;10;0;0;0;0;0;0;0;0;0;0;;;;;;;;;;;;;;
01.07.2024;05:52;A 77;1;1;4;2;16;0;0;0;0;0;0;0;0;0;0;;;;;;;;;;;;;;
01.07.2024;05:51;A 77;1;0;0;1;6;0;0;0;0;0;0;0;0;0;0;;;;;;;;;;;;;;
01.07.2024;05:50;A 77;1;0;0;1;5;0;0;0;0;0;0;0;0;0;0;;;;;;;;;;;;;;
01.07.2024;05:49;A 77;1;1;11;0;0;0;0;0;0;0;0;0;0;0;0;;;;;;;;;;;;;;
01.07.2024;05:48;A 77;1;0;0;1;4;0;0;0;0;0;0;0;0;0;0;;;;;;;;;;;;;;
01.07.2024;05:47;A 77;1;1;9;0;0;0;0;0;0;0;0;0;0;0;0;;;;;;;;;;;;;;
01.07.2024;05:46;A 77;1;0;0;0;0;0;0;0;0;0;0;0;0;0;0;;;;;;;;;;;;;;
01.07.2024;05:45;A 77;1;0;0;0;0;0;0;0;0;0;0;0;0;0;0;;;;;;;;;;;;;;
01.07.2024;05:44;A 77;1;0;0;0;0;0;0;0;0;0;0;0;0;0;0;;;;;;;;;;;;;;
01.07.2024;05:43;A 77;1;0;0;2;7;0;0;0;0;0;0;0;0;0;0;;;;;;;;;;;;;;
01.07.2024;05:42;A 77;1;2;8;1;6;0;0;0;0;0;0;0;0;0;0;;;;;;;;;;;;;;
01.07.2024;05:41;A 77;1;0;4;0;0;0;0;0;0;0;0;0;0;0;0;;;;;;;;;;;;;;
01.07.2024;05:40;A 77;1;1;4;0;0;0;0;0;0;0;0;0;0;0;0;;;;;;;;;;;;;;
01.07.2024;05:39;A 77;1;0;0;0;0;0;0;0;0;0;0;0;0;0;0;;;;;;;;;;;;;;
01.07.2024;05:38;A 77;1;0;0;2;13;0;0;0;0;0;0;0;0;0;0;;;;;;;;;;;;;;
01.07.2024;05:37;A 77;1;2;11;0;0;0;0;0;0;0;0;0;0;0;0;;;;;;;;;;;;;;
01.07.2024;05:36;A 77;1;1;5;1;5;0;0;0;0;0;0;0;0;0;0;;;;;;;;;;;;;;
01.07.2024;05:35;A 77;1;0;0;0;0;0;0;0;0;0;0;0;0;0;0;;;;;;;;;;;;;;
01.07.2024;05:34;A 77;1;0;0;0;0;0;0;0;0;0;0;0;0;0;0;;;;;;;;;;;;;;
01.07.2024;05:33;A 77;1;0;0;0;0;0;0;0;0;0;0;0;0;0;0;;;;;;;;;;;;;;
01.07.2024;05:32;A 77;1;0;0;2;5;0;0;0;0;0;0;0;0;0;0;;;;;;;;;;;;;;
01.07.2024;05:31;A 77;1;0;2;0;0;0;0;0;0;0;0;0;0;0;0;;;;;;;;;;;;;;
01.07.2024;05:30;A 77;1;1;1;1;1;0;0;0;0;0;0;0;0;0;0;;;;;;;;;;;;;;
01.07.2024;05:29;A 77;1;0;0;1;5;0;0;0;0;0;0;0;0;0;0;;;;;;;;;;;;;;
01.07.2024;05:28;A 77;1;1;8;1;8;0;0;0;0;0;0;0;0;0;0;;;;;;;;;;;;;;
01.07.2024;05:27;A 77;1;0;0;1;8;0;0;0;0;0;0;0;0;0;0;;;;;;;;;;;;;;
01.07.2024;05:26;A 77;1;0;0;0;0;0;0;0;0;0;0;0;0;0;0;;;;;;;;;;;;;;
01.07.2024;05:25;A 77;1;0;0;0;0;0;0;0;0;0;0;0;0;0;0;;;;;;;;;;;;;;
01.07.2024;05:24;A 77;1;0;0;0;0;0;0;0;0;0;0;0;0;0;0;;;;;;;;;;;;;;
01.07.2024;05:23;A 77;1;0;0;0;0;0;0;0;0;0;0;0;0;0;0;;;;;;;;;;;;;;
01.07.2024;05:22;A 77;1;1;6;0;0;0;0;0;0;0;0;0;0;0;0;;;;;;;;;;;;;;
01.07.2024;05:21;A 77;1;0;0;0;0;0;0;0;0;0;0;0;0;0;0;;;;;;;;;;;;;;
01.07.2024;05:20;A 77;1;0;0;0;0;0;0;0;0;0;0;0;0;0;0;;;;;;;;;;;;;;
01.07.2024;05:19;A 77;1;0;0;0;0;0;0;0;0;0;0;0;0;0;0;;;;;;;;;;;;;;
01.07.2024;05:18;A 77;1;0;0;0;0;0;0;0;0;0;0;0;0;0;0;;;;;;;;;;;;;;
01.07.2024;05:17;A 77;1;1;9;0;0;0;0;0;0;0;0;0;0;0;0;;;;;;;;;;;;;;
01.07.2024;05:16;A 77;1;1;9;0;0;0;0;0;0;0;0;0;0;0;0;;;;;;;;;;;;;;
01.07.2024;05:15;A 77;1;0;0;0;0;0;0;0;0;0;0;0;0;0;0;;;;;;;;;;;;;;
01.07.2024;05:14;A 77;1;0;0;0;0;0;0;0;0;0;0;0;0;0;0;;;;;;;;;;;;;;
01.07.2024;05:13;A 77;1;2;14;1;4;0;0;0;0;0;0;0;0;0;0;;;;;;;;;;;;;;
01.07.2024;05:12;A 77;1;0;0;0;0;0;0;0;0;0;0;0;0;0;0;;;;;;;;;;;;;;
01.07.2024;05:11;A 77;1;2;18;0;0;0;0;0;0;0;0;0;0;0;0;;;;;;;;;;;;;;
01.07.2024;05:10;A 77;1;2;4;0;0;0;0;0;0;0;0;0;0;0;0;;;;;;;;;;;;;;
01.07.2024;05:09;A 77;1;0;0;0;0;0;0;0;0;0;0;0;0;0;0;;;;;;;;;;;;;;
01.07.2024;05:08;A 77;1;0;0;0;0;0;0;0;0;0;0;0;0;0;0;;;;;;;;;;;;;;
01.07.2024;05:07;A 77;1;0;0;0;0;0;0;0;0;0;0;0;0;0;0;;;;;;;;;;;;;;
01.07.2024;05:06;A 77;1;0;0;0;0;0;0;0;0;0;0;0;0;0;0;;;;;;;;;;;;;;
01.07.2024;05:05;A 77;1;0;0;0;0;0;0;0;0;0;0;0;0;0;0;;;;;;;;;;;;;;
01.07.2024;05:04;A 77;1;0;0;1;4;0;0;0;0;0;0;0;0;0;0;;;;;;;;;;;;;;
01.07.2024;05:03;A 77;1;0;0;1;6;0;0;0;0;0;0;0;0;0;0;;;;;;;;;;;;;;
01.07.2024;05:02;A 77;1;0;0;1;6;0;0;0;0;0;0;0;0;0;0;;;;;;;;;;;;;;
01.07.2024;05:01;A 77;1;0;0;0;3;0;0;0;0;0;0;0;0;0;0;;;;;;;;;;;;;;
01.07.2024;05:00;A 77;1;0;0;1;3;0;0;0;0;0;0;0;0;0;0;;;;;;;;;;;;;;
01.07.2024;04:59;A 77;1;0;0;0;0;0;0;0;0;0;0;0;0;0;0;;;;;;;;;;;;;;
01.07.2024;04:58;A 77;1;0;0;0;0;0;0;0;0;0;0;0;0;0;0;;;;;;;;;;;;;;
01.07.2024;04:57;A 77;1;0;0;0;0;0;0;0;0;0;0;0;0;0;0;;;;;;;;;;;;;;
01.07.2024;04:56;A 77;1;0;0;0;0;0;0;0;0;0;0;0;0;0;0;;;;;;;;;;;;;;
01.07.2024;04:55;A 77;1;0;4;0;0;0;0;0;0;0;0;0;0;0;0;;;;;;;;;;;;;;
01.07.2024;04:54;A 77;1;1;5;0;0;0;0;0;0;0;0;0;0;0;0;;;;;;;;;;;;;;
01.07.2024;04:53;A 77;1;0;0;0;0;0;0;0;0;0;0;0;0;0;0;;;;;;;;;;;;;;
01.07.2024;04:52;A 77;1;0;0;0;0;0;0;0;0;0;0;0;0;0;0;;;;;;;;;;;;;;
01.07.2024;04:51;A 77;1;1;5;0;0;0;0;0;0;0;0;0;0;0;0;;;;;;;;;;;;;;
01.07.2024;04:50;A 77;1;3;10;0;0;0;0;0;0;0;0;0;0;0;0;;;;;;;;;;;;;;
01.07.2024;04:49;A 77;1;0;0;0;0;0;0;0;0;0;0;0;0;0;0;;;;;;;;;;;;;;
01.07.2024;04:48;A 77;1;0;0;0;0;0;0;0;0;0;0;0;0;0;0;;;;;;;;;;;;;;
01.07.2024;04:47;A 77;1;0;0;0;0;0;0;0;0;0;0;0;0;0;0;;;;;;;;;;;;;;
01.07.2024;04:46;A 77;1;0;0;1;8;0;0;0;0;0;0;0;0;0;0;;;;;;;;;;;;;;
01.07.2024;04:45;A 77;1;0;0;0;0;0;0;0;0;0;0;0;0;0;0;;;;;;;;;;;;;;
01.07.2024;04:44;A 77;1;0;0;1;10;0;0;0;0;0;0;0;0;0;0;;;;;;;;;;;;;;
01.07.2024;04:43;A 77;1;0;0;0;0;0;0;0;0;0;0;0;0;0;0;;;;;;;;;;;;;;
01.07.2024;04:42;A 77;1;0;0;0;0;0;0;0;0;0;0;0;0;0;0;;;;;;;;;;;;;;
01.07.2024;04:41;A 77;1;1;10;0;0;0;0;0;0;0;0;0;0;0;0;;;;;;;;;;;;;;
01.07.2024;04:40;A 77;1;1;14;0;0;0;0;0;0;0;0;0;0;0;0;;;;;;;;;;;;;;
01.07.2024;04:39;A 77;1;0;0;0;0;0;0;0;0;0;0;0;0;0;0;;;;;;;;;;;;;;
01.07.2024;04:38;A 77;1;0;0;0;0;0;0;0;0;0;0;0;0;0;0;;;;;;;;;;;;;;
01.07.2024;04:37;A 77;1;0;0;0;0;0;0;0;0;0;0;0;0;0;0;;;;;;;;;;;;;;
01.07.2024;04:36;A 77;1;1;11;0;0;0;0;0;0;0;0;0;0;0;0;;;;;;;;;;;;;;
01.07.2024;04:35;A 77;1;0;0;0;0;0;0;0;0;0;0;0;0;0;0;;;;;;;;;;;;;;
01.07.2024;04:34;A 77;1;0;0;0;0;0;0;0;0;0;0;0;0;0;0;;;;;;;;;;;;;;
01.07.2024;04:33;A 77;1;1;7;0;0;0;0;0;0;0;0;0;0;0;0;;;;;;;;;;;;;;
01.07.2024;04:32;A 77;1;0;0;0;0;0;0;0;0;0;0;0;0;0;0;;;;;;;;;;;;;;
01.07.2024;04:31;A 77;1;0;0;0;0;0;0;0;0;0;0;0;0;0;0;;;;;;;;;;;;;;
01.07.2024;04:30;A 77;1;0;0;0;0;0;0;0;0;0;0;0;0;0;0;;;;;;;;;;;;;;
01.07.2024;04:29;A 77;1;0;0;0;0;0;0;0;0;0;0;0;0;0;0;;;;;;;;;;;;;;
01.07.2024;04:28;A 77;1;0;0;1;9;0;0;0;0;0;0;0;0;0;0;;;;;;;;;;;;;;
01.07.2024;04:27;A 77;1;0;0;0;0;0;0;0;0;0;0;0;0;0;0;;;;;;;;;;;;;;
01.07.2024;04:26;A 77;1;0;0;0;0;0;0;0;0;0;0;0;0;0;0;;;;;;;;;;;;;;
01.07.2024;04:25;A 77;1;0;0;0;0;0;0;0;0;0;0;0;0;0;0;;;;;;;;;;;;;;
01.07.2024;04:24;A 77;1;0;0;0;0;0;0;0;0;0;0;0;0;0;0;;;;;;;;;;;;;;
01.07.2024;04:23;A 77;1;0;0;0;0;0;0;0;0;0;0;0;0;0;0;;;;;;;;;;;;;;
01.07.2024;04:22;A 77;1;0;0;0;0;0;0;0;0;0;0;0;0;0;0;;;;;;;;;;;;;;
01.07.2024;04:21;A 77;1;0;0;0;0;0;0;0;0;0;0;0;0;0;0;;;;;;;;;;;;;;
01.07.2024;04:20;A 77;1;0;0;0;0;0;0;0;0;0;0;0;0;0;0;;;;;;;;;;;;;;
01.07.2024;04:19;A 77;1;1;8;1;7;0;0;0;0;0;0;0;0;0;0;;;;;;;;;;;;;;
01.07.2024;04:18;A 77;1;0;0;0;0;0;0;0;0;0;0;0;0;0;0;;;;;;;;;;;;;;
01.07.2024;04:17;A 77;1;0;0;0;0;0;0;0;0;0;0;0;0;0;0;;;;;;;;;;;;;;
01.07.2024;04:16;A 77;1;0;0;0;0;0;0;0;0;0;0;0;0;0;0;;;;;;;;;;;;;;
01.07.2024;04:15;A 77;1;0;0;0;0;0;0;0;0;0;0;0;0;0;0;;;;;;;;;;;;;;
01.07.2024;04:14;A 77;1;0;0;1;5;0;0;0;0;0;0;0;0;0;0;;;;;;;;;;;;;;
01.07.2024;04:13;A 77;1;0;0;1;5;0;0;0;0;0;0;0;0;0;0;;;;;;;;;;;;;;
01.07.2024;04:12;A 77;1;0;0;0;0;0;0;0;0;0;0;0;0;0;0;;;;;;;;;;;;;;
01.07.2024;04:11;A 77;1;0;0;0;0;0;0;0;0;0;0;0;0;0;0;;;;;;;;;;;;;;
01.07.2024;04:10;A 77;1;2;8;0;0;0;0;0;0;0;0;0;0;0;0;;;;;;;;;;;;;;
01.07.2024;04:09;A 77;1;0;0;0;0;0;0;0;0;0;0;0;0;0;0;;;;;;;;;;;;;;
01.07.2024;04:08;A 77;1;0;0;0;0;0;0;0;0;0;0;0;0;0;0;;;;;;;;;;;;;;
01.07.2024;04:07;A 77;1;0;0;0;0;0;0;0;0;0;0;0;0;0;0;;;;;;;;;;;;;;
01.07.2024;04:06;A 77;1;0;0;0;0;0;0;0;0;0;0;0;0;0;0;;;;;;;;;;;;;;
01.07.2024;04:05;A 77;1;0;0;0;0;0;0;0;0;0;0;0;0;0;0;;;;;;;;;;;;;;
01.07.2024;04:04;A 77;1;0;0;0;0;0;0;0;0;0;0;0;0;0;0;;;;;;;;;;;;;;
01.07.2024;04:03;A 77;1;0;0;0;0;0;0;0;0;0;0;0;0;0;0;;;;;;;;;;;;;;
01.07.2024;04:02;A 77;1;0;0;0;0;0;0;0;0;0;0;0;0;0;0;;;;;;;;;;;;;;
01.07.2024;04:01;A 77;1;0;0;0;0;0;0;0;0;0;0;0;0;0;0;;;;;;;;;;;;;;
01.07.2024;04:00;A 77;1;0;0;0;0;0;0;0;0;0;0;0;0;0;0;;;;;;;;;;;;;;
01.07.2024;03:59;A 77;1;0;0;0;0;0;0;0;0;0;0;0;0;0;0;;;;;;;;;;;;;;
01.07.2024;03:58;A 77;1;1;12;0;0;0;0;0;0;0;0;0;0;0;0;;;;;;;;;;;;;;
01.07.2024;03:57;A 77;1;0;0;0;0;0;0;0;0;0;0;0;0;0;0;;;;;;;;;;;;;;
01.07.2024;03:56;A 77;1;0;0;0;0;0;0;0;0;0;0;0;0;0;0;;;;;;;;;;;;;;
01.07.2024;03:54;A 77;1;1;6;0;0;0;0;0;0;0;0;0;0;0;0;;;;;;;;;;;;;;
01.07.2024;03:53;A 77;1;0;0;0;0;0;0;0;0;0;0;0;0;0;0;;;;;;;;;;;;;;
01.07.2024;03:52;A 77;1;0;0;0;0;0;0;0;0;0;0;0;0;0;0;;;;;;;;;;;;;;
01.07.2024;03:51;A 77;1;0;0;0;0;0;0;0;0;0;0;0;0;0;0;;;;;;;;;;;;;;
01.07.2024;03:50;A 77;1;0;0;0;0;0;0;0;0;0;0;0;0;0;0;;;;;;;;;;;;;;
01.07.2024;03:49;A 77;1;0;0;0;0;0;0;0;0;0;0;0;0;0;0;;;;;;;;;;;;;;
01.07.2024;03:48;A 77;1;0;0;0;0;0;0;0;0;0;0;0;0;0;0;;;;;;;;;;;;;;
01.07.2024;03:47;A 77;1;1;9;0;0;0;0;0;0;0;0;0;0;0;0;;;;;;;;;;;;;;
01.07.2024;03:46;A 77;1;0;0;0;0;0;0;0;0;0;0;0;0;0;0;;;;;;;;;;;;;;
01.07.2024;03:45;A 77;1;0;0;0;0;0;0;0;0;0;0;0;0;0;0;;;;;;;;;;;;;;
01.07.2024;03:44;A 77;1;0;0;0;0;0;0;0;0;0;0;0;0;0;0;;;;;;;;;;;;;;
01.07.2024;03:43;A 77;1;0;0;0;0;0;0;0;0;0;0;0;0;0;0;;;;;;;;;;;;;;
01.07.2024;03:42;A 77;1;1;4;1;3;0;0;0;0;0;0;0;0;0;0;;;;;;;;;;;;;;
01.07.2024;03:41;A 77;1;0;0;0;0;0;0;0;0;0;0;0;0;0;0;;;;;;;;;;;;;;
01.07.2024;03:40;A 77;1;0;0;0;0;0;0;0;0;0;0;0;0;0;0;;;;;;;;;;;;;;
01.07.2024;03:39;A 77;1;0;0;0;0;0;0;0;0;0;0;0;0;0;0;;;;;;;;;;;;;;
01.07.2024;03:38;A 77;1;0;0;0;0;0;0;0;0;0;0;0;0;0;0;;;;;;;;;;;;;;
01.07.2024;03:37;A 77;1;0;0;0;0;0;0;0;0;0;0;0;0;0;0;;;;;;;;;;;;;;
01.07.2024;03:36;A 77;1;0;0;0;0;0;0;0;0;0;0;0;0;0;0;;;;;;;;;;;;;;
01.07.2024;03:35;A 77;1;0;0;0;0;0;0;0;0;0;0;0;0;0;0;;;;;;;;;;;;;;
01.07.2024;03:34;A 77;1;0;0;0;0;0;0;0;0;0;0;0;0;0;0;;;;;;;;;;;;;;
01.07.2024;03:33;A 77;1;0;0;0;0;0;0;0;0;0;0;0;0;0;0;;;;;;;;;;;;;;
01.07.2024;03:32;A 77;1;0;0;0;0;0;0;0;0;0;0;0;0;0;0;;;;;;;;;;;;;;
01.07.2024;03:31;A 77;1;0;0;0;0;0;0;0;0;0;0;0;0;0;0;;;;;;;;;;;;;;
01.07.2024;03:30;A 77;1;0;0;0;0;0;0;0;0;0;0;0;0;0;0;;;;;;;;;;;;;;
01.07.2024;03:29;A 77;1;0;0;0;0;0;0;0;0;0;0;0;0;0;0;;;;;;;;;;;;;;
01.07.2024;03:28;A 77;1;1;15;0;0;0;0;0;0;0;0;0;0;0;0;;;;;;;;;;;;;;
01.07.2024;03:27;A 77;1;0;0;1;6;0;0;0;0;0;0;0;0;0;0;;;;;;;;;;;;;;
01.07.2024;03:26;A 77;1;1;17;0;0;0;0;0;0;0;0;0;0;0;0;;;;;;;;;;;;;;
01.07.2024;03:25;A 77;1;0;0;0;0;0;0;0;0;0;0;0;0;0;0;;;;;;;;;;;;;;
01.07.2024;03:24;A 77;1;0;0;0;0;0;0;0;0;0;0;0;0;0;0;;;;;;;;;;;;;;
01.07.2024;03:23;A 77;1;0;0;0;0;0;0;0;0;0;0;0;0;0;0;;;;;;;;;;;;;;
01.07.2024;03:22;A 77;1;0;0;0;0;0;0;0;0;0;0;0;0;0;0;;;;;;;;;;;;;;
01.07.2024;03:21;A 77;1;0;0;0;0;0;0;0;0;0;0;0;0;0;0;;;;;;;;;;;;;;
01.07.2024;03:20;A 77;1;0;0;0;0;0;0;0;0;0;0;0;0;0;0;;;;;;;;;;;;;;
01.07.2024;03:19;A 77;1;0;0;0;0;0;0;0;0;0;0;0;0;0;0;;;;;;;;;;;;;;
01.07.2024;03:18;A 77;1;1;5;0;0;0;0;0;0;0;0;0;0;0;0;;;;;;;;;;;;;;
01.07.2024;03:17;A 77;1;0;0;0;0;0;0;0;0;0;0;0;0;0;0;;;;;;;;;;;;;;
01.07.2024;03:16;A 77;1;0;0;0;0;0;0;0;0;0;0;0;0;0;0;;;;;;;;;;;;;;
01.07.2024;03:15;A 77;1;0;0;0;0;0;0;0;0;0;0;0;0;0;0;;;;;;;;;;;;;;
01.07.2024;03:14;A 77;1;0;0;0;0;0;0;0;0;0;0;0;0;0;0;;;;;;;;;;;;;;
01.07.2024;03:13;A 77;1;0;0;0;0;0;0;0;0;0;0;0;0;0;0;;;;;;;;;;;;;;
01.07.2024;03:12;A 77;1;0;0;0;0;0;0;0;0;0;0;0;0;0;0;;;;;;;;;;;;;;
01.07.2024;03:11;A 77;1;0;0;0;0;0;0;0;0;0;0;0;0;0;0;;;;;;;;;;;;;;
01.07.2024;03:10;A 77;1;0;0;0;0;0;0;0;0;0;0;0;0;0;0;;;;;;;;;;;;;;
01.07.2024;03:09;A 77;1;0;0;0;0;0;0;0;0;0;0;0;0;0;0;;;;;;;;;;;;;;
01.07.2024;03:08;A 77;1;0;0;0;0;0;0;0;0;0;0;0;0;0;0;;;;;;;;;;;;;;
01.07.2024;03:07;A 77;1;0;0;0;0;0;0;0;0;0;0;0;0;0;0;;;;;;;;;;;;;;
01.07.2024;03:06;A 77;1;0;0;0;0;0;0;0;0;0;0;0;0;0;0;;;;;;;;;;;;;;
01.07.2024;03:05;A 77;1;0;0;0;0;0;0;0;0;0;0;0;0;0;0;;;;;;;;;;;;;;
01.07.2024;03:04;A 77;1;0;0;0;0;0;0;0;0;0;0;0;0;0;0;;;;;;;;;;;;;;
01.07.2024;03:03;A 77;1;0;0;1;8;0;0;0;0;0;0;0;0;0;0;;;;;;;;;;;;;;
01.07.2024;03:02;A 77;1;0;0;0;0;0;0;0;0;0;0;0;0;0;0;;;;;;;;;;;;;;
01.07.2024;03:01;A 77;1;0;0;0;0;0;0;0;0;0;0;0;0;0;0;;;;;;;;;;;;;;
01.07.2024;03:00;A 77;1;0;0;0;0;0;0;0;0;0;0;0;0;0;0;;;;;;;;;;;;;;
01.07.2024;02:59;A 77;1;0;0;0;0;0;0;0;0;0;0;0;0;0;0;;;;;;;;;;;;;;
01.07.2024;02:58;A 77;1;0;0;0;0;0;0;0;0;0;0;0;0;0;0;;;;;;;;;;;;;;
01.07.2024;02:57;A 77;1;0;0;0;0;0;0;0;0;0;0;0;0;0;0;;;;;;;;;;;;;;
01.07.2024;02:56;A 77;1;0;0;1;5;0;0;0;0;0;0;0;0;0;0;;;;;;;;;;;;;;
01.07.2024;02:55;A 77;1;0;0;0;0;0;0;0;0;0;0;0;0;0;0;;;;;;;;;;;;;;
01.07.2024;02:54;A 77;1;0;0;1;7;0;0;0;0;0;0;0;0;0;0;;;;;;;;;;;;;;
01.07.2024;02:53;A 77;1;1;10;0;8;0;0;0;0;0;0;0;0;0;0;;;;;;;;;;;;;;
01.07.2024;02:52;A 77;1;0;0;1;0;0;0;0;0;0;0;0;0;0;0;;;;;;;;;;;;;;
01.07.2024;02:51;A 77;1;0;0;0;0;0;0;0;0;0;0;0;0;0;0;;;;;;;;;;;;;;
01.07.2024;02:50;A 77;1;0;0;0;0;0;0;0;0;0;0;0;0;0;0;;;;;;;;;;;;;;
01.07.2024;02:49;A 77;1;0;0;0;0;0;0;0;0;0;0;0;0;0;0;;;;;;;;;;;;;;
01.07.2024;02:48;A 77;1;0;0;0;0;0;0;0;0;0;0;0;0;0;0;;;;;;;;;;;;;;
01.07.2024;02:47;A 77;1;0;0;0;0;0;0;0;0;0;0;0;0;0;0;;;;;;;;;;;;;;
01.07.2024;02:46;A 77;1;0;0;0;0;0;0;0;0;0;0;0;0;0;0;;;;;;;;;;;;;;
01.07.2024;02:45;A 77;1;0;0;0;0;0;0;0;0;0;0;0;0;0;0;;;;;;;;;;;;;;
01.07.2024;02:44;A 77;1;0;0;0;0;0;0;0;0;0;0;0;0;0;0;;;;;;;;;;;;;;
01.07.2024;02:43;A 77;1;0;0;1;5;0;0;0;0;0;0;0;0;0;0;;;;;;;;;;;;;;
01.07.2024;02:42;A 77;1;0;0;0;0;0;0;0;0;0;0;0;0;0;0;;;;;;;;;;;;;;
01.07.2024;02:41;A 77;1;0;0;0;0;0;0;0;0;0;0;0;0;0;0;;;;;;;;;;;;;;
01.07.2024;02:40;A 77;1;0;0;0;0;0;0;0;0;0;0;0;0;0;0;;;;;;;;;;;;;;
01.07.2024;02:39;A 77;1;1;7;0;0;0;0;0;0;0;0;0;0;0;0;;;;;;;;;;;;;;
01.07.2024;02:38;A 77;1;0;0;0;0;0;0;0;0;0;0;0;0;0;0;;;;;;;;;;;;;;
01.07.2024;02:37;A 77;1;0;0;0;0;1;1;0;0;0;0;0;0;0;0;;;;;;;;;;;;;;
01.07.2024;02:36;A 77;1;0;0;0;0;0;0;0;0;0;0;0;0;0;0;;;;;;;;;;;;;;
01.07.2024;02:35;A 77;1;0;0;0;0;0;0;0;0;0;0;0;0;0;0;;;;;;;;;;;;;;
01.07.2024;02:34;A 77;1;0;0;0;0;0;0;0;0;0;0;0;0;0;0;;;;;;;;;;;;;;
01.07.2024;02:33;A 77;1;0;0;0;0;0;0;0;0;0;0;0;0;0;0;;;;;;;;;;;;;;
01.07.2024;02:32;A 77;1;0;0;0;0;0;0;0;0;0;0;0;0;0;0;;;;;;;;;;;;;;
01.07.2024;02:31;A 77;1;0;0;0;0;0;0;0;0;0;0;0;0;0;0;;;;;;;;;;;;;;
01.07.2024;02:30;A 77;1;0;0;0;0;0;0;0;0;0;0;0;0;0;0;;;;;;;;;;;;;;
01.07.2024;02:29;A 77;1;0;0;0;0;0;0;0;0;0;0;0;0;0;0;;;;;;;;;;;;;;
01.07.2024;02:28;A 77;1;0;0;0;0;0;0;0;0;0;0;0;0;0;0;;;;;;;;;;;;;;
01.07.2024;02:27;A 77;1;0;0;0;0;0;0;0;0;0;0;0;0;0;0;;;;;;;;;;;;;;
01.07.2024;02:26;A 77;1;1;10;0;0;0;0;0;0;0;0;0;0;0;0;;;;;;;;;;;;;;
01.07.2024;02:25;A 77;1;0;0;0;0;0;0;0;0;0;0;0;0;0;0;;;;;;;;;;;;;;
01.07.2024;02:24;A 77;1;0;0;0;0;0;0;0;0;0;0;0;0;0;0;;;;;;;;;;;;;;
01.07.2024;02:23;A 77;1;0;0;1;7;0;0;0;0;0;0;0;0;0;0;;;;;;;;;;;;;;
01.07.2024;02:22;A 77;1;0;0;0;0;0;0;0;0;0;0;0;0;0;0;;;;;;;;;;;;;;
01.07.2024;02:21;A 77;1;0;0;0;0;0;0;0;0;0;0;0;0;0;0;;;;;;;;;;;;;;
01.07.2024;02:20;A 77;1;0;0;0;0;0;0;0;0;0;0;0;0;0;0;;;;;;;;;;;;;;
01.07.2024;02:19;A 77;1;0;0;0;4;0;0;0;0;0;0;0;0;0;0;;;;;;;;;;;;;;
01.07.2024;02:18;A 77;1;0;0;1;2;0;0;0;0;0;0;0;0;0;0;;;;;;;;;;;;;;
01.07.2024;02:17;A 77;1;0;0;0;0;0;0;0;0;0;0;0;0;0;0;;;;;;;;;;;;;;
01.07.2024;02:16;A 77;1;0;0;0;0;0;0;0;0;0;0;0;0;0;0;;;;;;;;;;;;;;
01.07.2024;02:15;A 77;1;0;0;0;0;0;0;0;0;0;0;0;0;0;0;;;;;;;;;;;;;;
01.07.2024;02:14;A 77;1;0;0;1;4;0;0;0;0;0;0;0;0;0;0;;;;;;;;;;;;;;
01.07.2024;02:13;A 77;1;0;0;1;6;0;0;0;0;0;0;0;0;0;0;;;;;;;;;;;;;;
01.07.2024;02:12;A 77;1;0;0;0;0;0;0;0;0;0;0;0;0;0;0;;;;;;;;;;;;;;
01.07.2024;02:11;A 77;1;0;0;0;0;0;0;0;0;0;0;0;0;0;0;;;;;;;;;;;;;;
01.07.2024;02:10;A 77;1;1;17;0;0;0;0;0;0;0;0;0;0;0;0;;;;;;;;;;;;;;
01.07.2024;02:09;A 77;1;0;0;1;6;0;0;0;0;0;0;0;0;0;0;;;;;;;;;;;;;;
01.07.2024;02:08;A 77;1;0;0;0;0;0;0;0;0;0;0;0;0;0;0;;;;;;;;;;;;;;
01.07.2024;02:07;A 77;1;0;0;0;0;0;0;0;0;0;0;0;0;0;0;;;;;;;;;;;;;;
01.07.2024;02:06;A 77;1;0;0;0;0;0;0;0;0;0;0;0;0;0;0;;;;;;;;;;;;;;
01.07.2024;02:05;A 77;1;0;0;1;4;0;0;0;0;0;0;0;0;0;0;;;;;;;;;;;;;;
01.07.2024;02:04;A 77;1;0;0;0;0;0;0;0;0;0;0;0;0;0;0;;;;;;;;;;;;;;
01.07.2024;02:03;A 77;1;0;0;0;0;0;0;0;0;0;0;0;0;0;0;;;;;;;;;;;;;;
01.07.2024;02:02;A 77;1;0;0;0;0;0;0;0;0;0;0;0;0;0;0;;;;;;;;;;;;;;
01.07.2024;02:01;A 77;1;0;0;0;0;0;0;0;0;0;0;0;0;0;0;;;;;;;;;;;;;;
01.07.2024;02:00;A 77;1;0;0;1;9;0;0;0;0;0;0;0;0;0;0;;;;;;;;;;;;;;
